rainfall_mm,river_level_m,humidity_pct,temperature_c,wind_speed_kmh,flood_occurred
14.08,1.62,54.89,27.14,7.15,0
90.3,4.7,83.64,31.19,6.24,1
39.5,2.97,41.2,27.68,14.55,0
27.39,2.78,53.85,20.75,33.25,0
5.09,2.16,55.89,28.38,10.28,0
5.09,1.3,51.75,33.24,26.12,0
1.8,2.32,49.36,27.85,7.72,0
60.34,3.78,48.66,31.88,1.62,0
27.57,2.59,56.0,22.77,0.95,0
36.94,2.6,49.49,27.87,0.79,0
0.62,0.5,32.57,24.88,7.17,0
105.11,6.15,75.32,31.73,6.17,1
53.59,4.01,65.71,28.16,18.98,0
7.16,1.65,51.49,31.45,20.37,0
6.02,1.77,52.74,33.44,0.78,0
6.08,2.0,59.51,31.46,3.75,0
10.88,1.15,53.43,29.37,4.81,0
22.32,2.13,60.58,23.01,11.9,0
16.97,2.58,50.17,27.99,2.34,0
10.33,1.29,62.04,25.33,2.16,0
28.39,2.78,56.82,26.28,43.18,0
4.51,1.0,52.23,26.13,24.46,0
10.37,2.15,41.39,23.1,2.99,0
13.69,2.03,54.35,18.21,7.83,0
18.27,1.42,46.08,24.66,6.59,0
46.14,3.93,51.81,28.97,23.48,0
6.68,1.4,44.48,21.26,10.71,0
21.66,1.96,44.72,28.08,2.05,0
26.93,2.68,71.04,37.5,20.15,0
1.43,2.13,60.86,33.12,7.58,0
28.06,2.11,69.57,36.22,4.58,0
5.61,1.76,41.06,29.96,7.06,0
2.02,1.8,50.87,33.84,10.33,0
89.21,5.41,53.03,24.38,6.3,0
101.12,5.63,59.6,24.78,4.15,1
49.57,3.3,50.09,14.3,7.62,0
10.9,1.52,61.55,33.93,0.29,0
3.08,1.67,47.29,35.7,22.21,0
34.58,2.35,63.73,25.23,2.81,0
17.4,0.74,57.44,26.73,0.67,0
3.9,1.87,69.01,24.23,15.91,0
20.51,2.77,41.24,29.91,22.3,0
1.05,0.5,60.23,33.62,25.22,0
72.01,3.88,69.97,19.29,10.2,0
8.98,2.17,43.56,30.05,3.45,0
32.59,3.83,62.95,26.62,20.05,0
11.21,1.96,54.37,28.57,18.05,0
22.02,2.02,51.48,30.29,4.24,0
23.74,2.36,46.97,27.06,35.06,0
6.13,2.43,45.17,27.48,1.65,0
104.78,5.37,82.12,26.93,60.85,1
44.77,2.89,56.72,32.85,29.52,0
84.15,4.62,68.88,30.09,17.47,0
67.56,3.73,53.81,29.1,41.89,0
27.33,2.65,47.86,21.65,19.22,0
76.48,5.37,70.13,26.11,3.17,0
2.78,1.77,39.62,32.49,8.76,0
6.54,1.64,47.66,28.19,1.11,0
1.39,1.41,50.48,31.3,7.41,0
11.81,1.19,52.66,36.83,20.3,0
14.76,2.53,50.78,33.19,7.33,0
9.5,1.84,54.59,28.47,6.01,0
52.94,3.53,63.48,25.45,13.57,0
13.24,3.63,57.86,15.23,30.86,0
9.89,2.05,43.6,27.16,0.73,0
23.47,2.06,51.25,26.37,7.3,0
4.56,1.47,60.24,29.95,2.58,0
48.61,4.02,64.45,27.23,17.83,0
2.32,1.65,39.37,26.4,1.68,0
130.02,5.98,72.32,19.1,16.4,0
44.38,3.73,40.83,23.3,5.06,0
6.65,1.43,51.37,30.38,3.33,0
0.17,2.44,65.21,36.58,41.32,0
50.7,4.07,50.02,27.51,0.28,0
36.81,2.75,48.85,29.64,8.64,0
39.17,3.71,61.99,32.76,0.33,0
44.26,3.3,44.3,23.95,9.91,0
2.31,2.02,45.28,29.83,10.43,0
13.32,2.28,56.77,24.3,5.82,0
3.69,1.22,45.48,32.32,2.13,0
59.66,3.56,57.06,28.76,7.08,0
29.29,3.19,60.35,29.49,16.73,0
12.05,1.81,55.18,24.09,22.88,0
1.97,1.38,52.43,31.54,11.35,0
11.17,1.47,48.96,38.42,13.37,0
11.8,2.18,54.73,22.96,3.36,0
39.24,4.1,54.9,26.3,5.08,0
30.45,2.18,58.23,29.16,2.65,0
65.47,4.13,55.84,31.93,4.3,0
19.17,2.97,51.42,25.2,3.82,0
3.82,1.61,42.65,13.83,10.99,0
37.47,3.23,55.34,34.8,12.41,0
42.91,2.69,49.95,31.8,43.49,0
24.72,2.7,44.8,19.29,3.26,0
44.22,3.18,58.7,24.96,15.39,0
20.42,2.81,54.77,35.84,25.5,0
22.19,2.98,59.59,35.24,12.32,0
16.73,3.46,49.06,32.69,4.42,0
0.77,1.82,53.38,27.12,4.57,0
3.43,1.8,54.92,28.41,0.6,0
0.96,1.64,53.7,27.35,5.47,0
30.35,2.54,47.95,33.64,20.47,0
11.32,2.12,52.89,23.62,0.73,0
21.31,2.2,56.11,23.97,3.71,0
71.44,4.44,60.77,33.05,18.37,0
8.6,2.5,34.6,27.78,22.89,0
15.85,1.63,53.66,34.89,9.11,0
42.26,3.76,74.04,24.64,17.96,0
7.79,2.47,48.29,27.73,7.36,0
2.4,1.54,44.54,23.39,2.61,0
10.26,0.85,54.53,28.04,7.62,0
5.27,1.41,53.29,20.61,13.01,0
79.65,5.33,71.49,25.56,44.36,0
49.53,3.47,47.37,20.82,1.07,0
30.1,2.2,60.37,31.47,10.62,0
61.55,3.71,63.96,31.58,5.98,0
48.84,3.87,56.19,19.35,10.65,0
6.19,2.02,53.64,34.67,0.36,0
66.92,4.06,68.27,40.49,5.63,0
23.25,2.25,60.47,28.23,25.71,0
49.42,3.28,48.27,24.79,12.11,0
67.93,3.76,66.75,42.12,8.98,0
11.48,2.77,51.2,21.41,5.04,0
3.5,1.48,51.11,28.1,5.31,0
7.76,2.42,51.75,28.9,7.25,0
16.71,2.93,51.3,34.73,27.08,0
51.11,4.04,67.2,29.8,51.27,0
59.14,3.65,58.2,25.51,8.66,0
0.21,1.71,41.08,23.24,7.5,0
21.45,2.35,50.07,26.29,28.12,0
16.21,1.7,53.86,22.97,8.35,0
7.54,1.96,60.96,28.24,12.05,0
3.83,1.06,55.4,25.18,3.94,0
12.36,2.59,45.05,20.53,20.41,0
85.89,4.7,82.77,34.28,11.39,0
11.71,2.07,53.87,25.51,24.83,0
21.94,2.52,63.49,21.66,22.76,0
36.42,2.83,54.25,27.16,3.63,0
13.56,2.34,56.3,28.34,18.86,0
107.03,5.54,72.77,19.27,24.15,1
98.46,5.87,74.51,29.66,6.37,0
8.7,1.18,59.76,22.76,2.84,0
20.63,2.39,60.07,36.56,0.04,0
10.74,2.9,49.09,30.62,8.99,0
10.06,1.4,46.93,26.0,6.52,0
1.13,1.21,52.83,24.27,12.14,0
28.21,2.89,61.7,27.48,3.12,0
20.96,2.43,51.36,31.06,29.46,0
1.59,1.74,58.76,27.87,4.47,0
9.8,2.14,63.09,26.91,3.85,0
71.67,4.68,53.42,28.29,9.83,0
8.22,2.38,44.54,24.98,10.36,0
4.7,1.89,49.58,26.28,3.63,0
20.17,2.19,55.49,17.57,4.76,0
127.32,6.93,64.9,32.87,2.79,0
8.31,2.78,62.06,29.49,19.01,0
33.45,2.77,58.41,24.13,22.05,0
43.02,2.73,56.77,37.49,9.31,0
8.14,2.38,39.73,28.44,18.78,0
39.08,3.0,45.34,22.82,19.97,0
13.76,0.96,54.31,32.28,2.23,0
30.02,3.12,37.44,29.99,50.8,0
30.12,2.44,62.62,29.97,25.81,0
23.02,2.38,52.19,25.87,3.43,0
2.84,1.78,76.37,30.25,3.09,0
54.11,3.76,76.58,26.69,2.01,0
11.6,2.32,50.29,30.78,2.23,0
6.19,1.53,50.08,18.48,20.68,0
1.25,1.81,58.15,25.83,9.51,0
26.81,2.44,67.65,36.61,22.91,0
33.96,3.23,41.99,24.16,20.57,0
0.5,1.83,35.78,24.98,13.92,0
21.53,1.89,48.25,25.76,17.39,0
7.7,2.35,55.82,21.93,0.28,0
31.08,2.48,58.64,16.96,5.6,0
5.75,2.13,59.42,26.85,15.23,0
35.23,3.09,45.69,28.68,0.14,0
14.67,3.01,33.67,27.74,0.5,0
82.81,4.7,69.29,27.28,28.65,0
4.44,1.5,44.04,28.22,17.28,0
12.51,1.99,35.73,33.11,4.63,0
3.61,1.49,51.7,27.05,17.47,0
77.59,5.0,67.98,25.13,23.59,0
62.95,3.21,58.47,26.59,5.5,0
8.95,1.33,47.68,30.9,0.55,0
32.36,2.26,53.58,35.06,40.5,0
50.98,4.01,54.68,24.86,6.35,0
24.3,3.33,42.86,28.49,1.69,0
22.63,2.35,47.68,29.69,10.15,0
8.31,1.75,55.42,23.04,21.95,0
2.93,1.65,53.01,28.1,3.76,0
68.25,4.81,61.58,20.67,4.71,0
69.2,3.8,52.42,19.15,4.17,0
30.08,2.82,53.06,29.83,71.82,0
12.42,2.48,34.45,26.08,3.3,0
12.89,2.27,53.36,29.01,12.85,0
38.83,3.15,67.26,27.91,38.91,0
68.22,4.73,48.44,23.12,2.38,0
65.43,2.77,55.13,27.77,53.03,0
45.41,3.66,59.44,21.83,44.2,0
30.82,2.41,64.65,34.95,32.39,0
2.64,0.69,46.81,21.22,3.62,0
5.29,1.97,45.26,27.02,15.08,0
68.65,4.93,44.55,22.79,21.46,0
27.97,2.55,55.02,30.85,64.06,0
0.28,1.99,66.38,26.34,2.98,0
3.21,2.43,52.7,25.41,21.79,0
32.67,3.46,54.72,32.27,6.21,0
0.15,2.33,52.6,28.15,2.9,0
5.26,2.08,50.7,30.58,8.21,0
23.87,2.49,47.08,23.09,23.69,0
35.32,2.11,61.88,20.98,9.38,0
31.66,2.64,56.56,28.54,11.57,0
7.62,1.38,51.28,26.41,79.96,0
37.36,4.08,47.8,31.13,7.64,0
8.12,1.74,61.65,27.6,14.33,0
11.81,2.03,57.09,29.03,6.82,0
41.17,3.42,51.75,19.88,7.48,0
31.46,2.78,62.73,37.44,17.84,0
56.76,4.62,54.53,27.18,41.68,0
32.15,2.47,48.57,31.49,11.73,0
25.2,2.61,47.7,23.82,21.94,0
2.95,1.25,36.27,29.54,1.4,0
13.75,1.39,55.84,21.49,3.56,0
9.24,1.56,36.74,30.26,10.46,0
8.39,1.82,41.43,26.22,0.3,0
108.37,5.62,49.65,28.15,4.37,1
14.98,1.75,51.56,31.49,10.93,0
66.78,3.47,58.81,21.84,0.23,0
29.92,2.66,51.87,24.58,4.61,0
47.51,2.65,48.79,30.29,10.82,0
20.95,2.72,43.77,38.49,12.77,0
25.8,2.57,57.59,27.31,39.01,0
20.35,1.59,48.65,30.96,15.55,0
6.52,1.61,53.51,27.47,8.04,0
38.45,2.66,48.69,37.71,39.96,0
9.89,2.06,52.93,19.26,23.05,0
0.74,2.2,60.54,28.47,3.35,0
31.11,1.81,59.36,19.87,2.1,0
5.85,1.79,47.58,15.47,16.9,0
84.63,4.81,64.75,29.49,12.31,0
92.33,5.53,61.92,28.7,23.39,1
73.91,4.56,61.15,26.58,20.14,0
13.87,1.68,49.48,27.47,14.72,0
0.47,1.36,48.76,43.49,64.45,0
79.07,4.26,63.56,26.71,11.44,0
16.77,2.71,44.57,30.55,1.8,0
102.03,5.59,57.18,24.75,26.43,1
99.41,6.43,53.8,29.48,4.35,0
57.52,3.77,45.83,26.81,22.53,0
10.46,1.56,41.83,25.95,47.24,0
14.59,1.33,53.46,37.09,17.9,0
57.14,2.88,51.43,33.89,13.6,0
11.43,1.17,55.82,28.68,9.25,0
5.57,1.86,51.11,16.48,6.8,0
24.41,2.73,37.91,26.19,6.53,0
82.54,4.01,67.62,41.52,15.17,0
35.72,3.38,61.85,26.85,20.87,0
25.32,2.27,45.85,33.52,17.02,0
3.07,1.7,53.82,35.21,3.32,0
28.64,3.45,47.44,29.09,10.22,0
138.32,7.48,71.53,23.79,23.53,1
4.53,1.55,40.56,15.82,9.69,0
21.91,1.93,38.94,31.42,11.54,0
62.96,2.94,56.38,23.93,22.12,0
40.5,2.76,55.09,28.88,16.24,0
35.82,2.83,52.19,21.75,7.9,0
36.37,2.46,45.98,26.67,33.87,0
13.36,1.97,48.81,28.17,2.66,0
10.43,1.96,53.72,29.34,81.11,0
49.72,3.38,57.1,22.43,1.9,0
49.84,3.17,58.94,33.98,0.23,0
60.54,4.01,53.72,25.02,33.11,0
73.34,4.65,70.37,19.63,4.21,0
21.48,1.81,43.81,27.45,19.62,0
20.89,3.04,57.03,28.17,24.99,0
48.03,3.37,66.66,28.8,29.38,0
31.49,2.77,58.57,34.81,71.68,0
36.32,3.31,53.83,26.82,5.22,0
47.66,3.52,52.92,27.4,18.58,0
66.22,4.63,68.22,22.48,1.84,0
12.37,2.14,40.47,32.1,7.83,0
14.13,1.76,44.36,28.92,28.26,0
2.96,1.8,47.26,25.9,6.87,0
25.9,1.96,63.79,18.48,13.41,0
1.1,1.6,53.2,35.22,10.51,0
18.8,2.24,45.08,21.86,15.57,0
23.47,2.33,51.04,25.04,54.12,0
10.13,1.84,46.6,29.79,0.86,0
26.81,1.63,48.34,22.02,12.8,0
0.93,1.26,57.97,20.53,29.82,0
1.14,1.59,39.2,17.38,9.85,0
51.88,3.66,70.65,31.6,1.23,0
13.4,1.52,58.64,25.27,12.33,0
4.08,2.3,59.34,42.64,6.05,0
22.16,1.95,49.62,23.03,2.53,0
44.09,3.75,55.41,23.39,28.36,0
7.29,2.01,39.63,25.17,11.06,0
29.26,2.35,50.19,29.22,40.61,0
2.68,2.49,54.35,25.65,24.6,0
1.59,0.97,60.61,31.06,17.71,0
22.74,2.87,44.55,23.11,0.08,0
23.34,2.93,50.58,21.09,8.37,0
30.44,2.38,53.36,19.01,3.3,0
38.85,3.75,44.66,16.88,36.25,0
111.71,5.84,71.49,25.41,2.88,1
21.79,2.52,47.48,26.5,5.05,0
11.7,2.1,50.19,24.84,10.91,0
47.57,3.34,53.52,34.22,4.58,0
9.48,2.28,45.11,34.14,3.53,0
17.34,2.59,52.54,26.33,13.71,0
2.45,0.72,48.64,19.03,1.4,0
0.77,2.18,47.14,25.17,0.9,0
98.62,4.61,58.97,25.0,6.98,0
54.23,4.19,60.69,24.71,19.13,0
35.72,3.49,68.59,24.51,12.14,0
15.78,1.59,53.49,24.73,8.25,0
5.71,1.52,58.83,26.07,12.51,0
5.1,1.15,39.64,24.82,6.82,0
8.64,1.74,52.56,29.04,41.27,0
23.9,2.3,44.81,29.8,0.85,0
37.62,3.39,43.83,23.45,16.78,0
32.38,3.45,48.94,34.36,33.29,0
9.85,2.59,61.01,23.1,24.44,0
92.94,4.94,71.54,19.91,3.05,0
40.17,3.0,57.97,29.9,5.26,0
24.25,1.63,41.38,23.91,18.94,0
28.38,2.23,52.69,29.61,1.32,0
16.32,2.64,54.86,15.98,25.06,0
8.54,2.65,52.69,34.96,19.04,0
13.2,1.41,37.23,31.36,19.62,0
42.55,2.91,49.26,20.5,1.58,0
0.43,1.5,49.55,20.61,18.97,0
3.7,1.79,54.85,36.36,17.08,0
1.41,1.15,32.64,24.31,26.66,0
1.25,1.76,48.89,23.83,0.64,0
58.03,3.58,59.85,16.67,0.35,0
36.49,2.95,62.27,26.25,7.0,0
19.28,2.54,58.44,26.86,2.42,0
3.09,1.63,55.12,31.58,12.26,0
20.3,2.09,46.64,21.0,37.4,0
19.24,2.21,37.62,20.4,7.45,0
5.71,1.68,47.71,30.25,27.96,0
17.07,2.0,60.57,33.03,0.0,0
15.25,1.98,63.44,20.14,2.77,0
28.7,3.45,59.99,33.41,0.46,0
30.24,2.99,57.97,28.19,5.97,0
1.39,1.41,53.25,33.46,35.82,0
14.08,2.41,47.66,27.65,1.53,0
29.49,2.51,53.38,15.39,13.99,0
20.98,2.93,66.5,27.24,9.01,0
58.24,4.01,51.2,33.3,41.82,0
32.25,2.74,67.76,23.53,1.96,0
5.34,1.94,48.22,26.06,3.57,0
2.2,0.8,60.93,27.12,0.45,0
30.85,2.17,43.37,13.5,8.54,0
0.81,0.94,54.81,36.36,4.88,0
26.44,2.63,48.07,23.49,30.59,0
84.52,5.75,51.36,30.53,13.93,1
25.7,3.64,55.6,27.57,14.28,0
14.74,2.41,60.29,34.29,11.39,0
30.92,2.99,47.88,30.03,1.45,0
18.39,1.34,40.77,26.83,8.83,0
23.66,2.18,52.81,23.53,100.0,0
85.14,4.51,62.07,31.99,27.05,0
14.64,1.78,56.58,18.63,33.59,0
97.47,5.31,72.22,31.23,25.99,1
70.73,4.09,60.13,22.5,1.63,0
6.54,0.77,65.82,34.26,3.87,0
2.16,1.96,52.12,28.81,0.05,0
3.19,1.09,47.71,31.22,5.43,0
0.55,1.64,37.19,28.41,1.72,0
2.98,2.66,48.35,19.24,9.6,0
34.47,2.42,52.48,23.7,16.96,0
2.22,0.5,58.01,31.36,31.13,0
11.52,1.82,55.43,28.83,20.75,0
55.91,4.29,48.95,33.9,41.85,0
0.71,2.51,51.48,30.02,0.83,0
50.54,2.91,62.95,23.17,0.18,0
9.93,2.15,63.71,24.02,16.24,0
3.77,1.42,57.67,28.51,5.12,0
35.79,2.88,61.46,16.43,4.39,0
29.74,4.01,54.94,36.37,6.03,0
62.98,3.27,62.55,30.21,4.72,0
39.85,3.22,65.97,34.14,10.74,0
48.81,3.69,46.66,20.1,8.7,0
9.94,2.44,48.7,34.22,10.77,0
5.86,1.78,44.7,39.16,16.75,0
41.66,3.32,59.28,21.4,7.34,0
49.33,3.28,67.24,31.86,4.34,0
139.71,7.22,66.18,28.01,2.73,1
15.96,1.97,33.27,20.28,6.45,0
13.96,2.37,48.8,30.46,20.31,0
44.94,3.11,64.05,32.17,21.2,0
12.5,2.19,56.18,24.99,16.49,0
80.1,4.69,65.44,33.83,4.0,0
58.65,4.41,56.56,19.67,13.3,0
16.81,2.15,42.29,20.53,12.68,0
41.69,2.28,60.38,28.68,9.93,0
42.14,3.82,49.65,28.13,11.98,0
3.27,1.18,67.96,24.42,10.15,0
69.85,3.97,65.04,32.05,12.5,0
21.11,2.05,48.52,30.65,18.86,0
52.54,4.29,52.99,32.29,1.74,0
11.57,0.9,50.99,27.38,20.77,0
67.76,5.78,58.25,31.01,2.19,0
14.79,2.62,61.15,25.77,1.03,0
0.33,1.62,51.54,38.27,56.0,0
70.74,4.3,54.76,23.94,47.2,0
2.87,1.76,65.55,38.53,0.94,0
11.54,2.22,52.13,28.17,8.78,0
89.91,5.42,69.64,21.12,3.09,0
90.24,5.39,58.67,34.84,9.96,0
25.56,2.57,56.74,28.63,26.59,0
29.98,2.6,56.99,32.26,45.12,0
17.85,2.14,37.56,34.12,15.09,0
10.41,1.82,67.68,29.69,6.55,0
11.95,2.55,62.12,25.04,13.87,0
33.49,3.14,51.85,32.88,5.61,0
41.88,1.7,47.46,28.0,36.09,0
47.05,3.71,59.84,31.43,30.65,0
46.76,3.47,57.71,17.23,12.25,0
2.87,1.61,53.28,30.23,5.89,0
20.46,2.12,54.6,24.81,5.21,0
1.78,2.13,54.32,36.27,0.51,0
23.92,2.93,65.17,31.12,25.38,0
17.48,1.81,57.17,29.2,8.98,0
65.6,4.33,51.44,30.43,5.9,0
12.97,1.53,62.85,23.01,9.55,0
3.74,0.96,63.69,36.12,25.62,0
4.63,1.37,75.91,37.96,2.0,0
43.0,3.65,47.46,29.96,29.24,0
28.89,3.13,56.28,35.95,34.17,0
3.2,1.88,33.82,25.15,43.98,0
2.64,1.97,54.82,24.01,7.6,0
36.22,3.21,51.05,28.2,3.67,0
2.27,1.27,65.73,30.17,7.02,0
51.76,3.79,51.57,26.03,6.07,0
36.75,3.37,42.0,30.69,2.91,0
2.55,1.98,46.61,29.53,14.02,0
2.66,2.2,34.6,23.01,9.71,0
129.46,7.03,75.43,30.59,30.12,1
14.07,2.24,35.59,32.32,0.49,0
13.89,2.59,52.31,28.86,15.49,0
50.27,3.5,40.92,33.76,21.59,0
88.26,4.59,60.68,21.91,21.37,0
128.06,6.54,82.36,30.34,32.58,1
42.0,2.81,59.18,22.15,19.59,0
14.16,1.73,45.22,22.43,39.43,0
2.62,1.53,50.14,24.85,6.07,0
45.04,2.91,56.9,23.29,10.49,0
24.52,2.33,57.46,25.26,0.21,0
16.56,1.22,41.55,26.93,0.1,0
71.05,4.45,65.4,32.19,4.12,0
3.54,1.64,28.9,26.39,1.59,0
20.36,1.91,48.01,20.07,4.52,0
0.34,1.84,46.15,33.7,2.92,0
18.97,2.73,57.91,23.81,0.43,0
1.74,0.77,50.44,27.71,36.0,0
3.79,1.27,39.32,30.23,0.12,0
3.75,1.27,42.68,29.0,19.98,0
31.43,2.29,56.3,33.47,2.48,0
41.12,3.56,55.54,30.4,36.5,0
26.27,2.45,49.31,23.69,33.5,0
98.24,5.3,60.89,38.89,15.92,1
14.09,1.06,57.68,28.97,16.73,0
10.09,2.22,47.37,27.26,0.08,0
60.89,3.32,58.43,32.82,62.87,1
7.59,1.83,68.5,29.25,31.54,0
99.09,5.6,53.47,30.0,33.82,1
0.37,2.2,35.24,40.46,16.15,0
105.08,5.05,72.03,26.62,6.34,1
1.32,0.5,44.77,26.41,33.62,0
66.53,4.25,57.43,28.58,5.17,0
22.5,3.3,47.13,33.36,12.41,0
148.7,8.07,70.23,20.47,1.58,1
2.3,1.7,63.13,18.17,38.26,0
24.21,2.22,60.05,25.06,2.28,0
104.51,6.08,72.57,19.83,3.82,1
22.21,1.9,42.0,25.88,12.25,0
29.78,2.93,45.26,30.51,21.66,0
35.7,3.18,32.64,23.55,14.49,0
18.18,2.76,46.25,20.87,3.96,0
29.63,4.07,62.1,28.35,0.01,0
26.33,2.75,58.09,32.31,21.23,0
69.43,4.02,58.64,19.53,63.2,1
1.4,1.54,50.03,32.1,24.9,0
9.9,1.01,45.97,32.09,9.25,0
90.12,4.76,65.16,32.77,35.11,1
66.29,3.95,66.07,34.09,7.91,1
18.25,1.97,39.81,39.01,11.16,0
29.04,2.74,56.75,26.22,9.73,0
9.75,1.48,58.92,28.55,8.9,0
6.25,2.31,47.62,25.92,22.39,0
18.69,2.25,58.41,28.01,11.22,0
13.08,2.02,74.48,35.66,5.71,0
26.29,2.39,53.11,21.27,4.48,0
2.43,1.67,53.51,23.69,0.58,0
109.95,6.31,60.59,34.89,13.13,1
128.52,6.21,70.73,33.1,3.92,1
35.94,2.61,59.07,26.18,2.4,0
23.04,2.27,55.02,32.27,15.91,0
11.11,1.27,43.51,29.71,17.15,0
50.43,3.11,59.21,35.5,20.92,0
34.63,2.65,66.89,28.37,10.5,0
5.32,2.15,54.39,33.13,33.67,0
72.55,4.53,68.58,41.21,41.31,0
51.87,3.67,55.88,30.99,24.7,0
89.75,5.52,69.46,28.25,15.14,1
38.81,2.98,58.06,31.61,5.43,0
28.51,2.84,46.67,26.17,61.07,0
16.25,2.1,54.99,39.94,4.81,0
80.97,4.87,54.21,28.9,3.4,0
60.31,3.62,53.98,26.64,8.76,0
1.39,0.5,51.72,23.82,0.88,0
0.8,1.46,52.5,33.49,57.59,0
14.17,2.78,42.61,32.34,13.32,0
49.91,3.96,65.92,25.51,12.21,0
130.93,7.22,74.22,30.88,16.0,1
4.89,2.31,45.1,20.46,10.31,0
27.05,2.63,41.76,28.92,0.49,0
14.38,2.17,51.0,30.26,14.21,0
105.11,5.4,62.2,36.54,18.89,1
55.38,3.56,59.21,24.15,8.09,0
54.67,3.99,55.29,21.61,21.24,0
18.97,2.86,36.79,23.52,3.86,0
16.08,2.07,49.3,21.32,3.75,0
9.58,1.66,48.99,34.68,2.64,0
1.74,1.57,55.33,35.74,6.98,0
60.01,4.2,53.42,29.6,28.16,0
50.28,2.79,70.97,34.11,26.4,0
245.17,10.16,71.48,28.67,7.24,1
170.85,8.06,86.12,27.52,13.34,1
24.32,1.86,51.85,26.33,19.14,0
43.96,3.0,63.47,26.45,4.14,0
86.89,4.9,63.67,20.26,2.76,0
56.84,3.55,67.64,29.32,53.68,0
8.52,2.57,48.18,27.8,14.42,0
17.96,2.38,43.91,31.73,59.78,0
4.15,1.82,61.99,28.47,6.18,0
92.41,5.51,62.95,27.19,18.21,1
27.96,2.05,55.97,23.64,3.78,0
7.79,2.33,61.05,28.36,4.54,0
33.41,2.8,46.76,31.69,10.76,0
28.88,2.99,59.1,22.28,5.78,0
13.3,1.5,47.28,28.44,2.75,0
3.62,0.87,49.49,29.17,4.58,0
33.4,3.25,55.59,24.41,0.55,0
22.04,2.57,41.3,25.06,18.28,0
44.39,2.82,50.43,29.15,10.16,0
22.03,1.95,64.11,22.33,1.48,0
57.35,4.36,65.69,29.75,2.83,0
24.08,1.87,53.11,23.52,1.62,0
24.69,3.31,55.65,33.31,14.22,0
62.78,3.56,57.06,39.69,1.48,1
15.5,2.44,63.18,23.7,21.05,0
4.32,1.51,49.04,30.67,0.31,0
0.88,1.84,51.99,24.37,4.3,0
42.21,2.92,65.5,33.2,33.2,0
29.05,2.58,48.14,21.67,19.02,0
36.53,2.98,67.95,30.4,1.14,0
7.18,1.29,38.83,23.64,25.82,0
4.4,2.05,63.7,26.97,10.19,0
0.44,1.26,47.08,22.84,28.14,0
12.95,1.9,50.0,32.11,13.77,0
26.74,2.07,38.89,23.82,17.18,0
14.94,0.82,48.6,30.76,75.54,0
17.26,2.09,44.27,26.28,3.97,0
70.35,5.52,55.69,27.43,14.67,1
12.84,2.41,50.83,28.74,9.25,0
21.65,2.36,60.91,24.19,0.6,0
45.93,3.21,58.55,29.05,0.22,0
15.15,2.12,54.73,35.65,1.9,0
29.19,2.94,45.61,24.11,15.71,0
59.49,3.29,51.88,33.86,12.56,0
89.59,5.64,77.83,35.49,12.09,0
4.77,2.05,44.83,23.92,0.49,0
78.35,4.99,75.0,20.72,9.5,0
20.33,2.53,51.1,29.51,38.78,0
8.96,1.87,51.36,25.26,7.6,0
18.44,2.57,61.33,37.34,14.71,0
117.41,6.49,77.79,28.17,22.7,1
20.35,2.14,52.17,23.99,22.98,0
11.96,1.69,48.69,22.26,10.99,0
30.1,2.76,54.07,33.45,29.27,0
8.24,2.6,53.94,25.14,7.45,0
2.37,0.98,57.49,28.22,32.93,0
4.14,0.93,50.65,32.78,4.12,0
4.11,1.75,55.57,25.58,4.93,0
4.94,1.72,63.85,27.77,0.82,0
4.48,1.77,53.72,27.92,23.81,0
30.72,2.85,57.1,31.42,8.09,0
6.02,1.63,38.75,30.95,3.9,0
12.72,2.75,30.86,26.9,3.96,0
68.13,3.42,63.33,28.32,34.75,0
19.27,1.86,52.13,26.14,26.93,0
33.04,2.77,50.84,20.61,12.1,0
5.67,0.91,52.8,29.29,14.36,0
6.41,1.67,50.48,37.46,9.65,0
1.25,2.38,59.21,23.58,7.46,0
5.55,1.73,51.52,24.13,37.06,0
9.8,2.01,45.49,23.65,2.01,0
5.84,1.1,58.8,31.62,8.13,0
2.79,1.3,48.68,30.24,6.34,0
3.86,1.47,54.79,27.21,10.34,0
18.53,2.08,48.96,23.41,9.18,0
6.93,2.42,45.84,28.46,10.97,0
13.59,2.32,52.71,20.18,2.26,0
21.0,1.78,53.25,28.72,10.8,0
35.17,3.03,59.11,32.36,4.16,0
1.2,1.8,48.03,21.74,3.06,0
48.19,4.0,42.54,20.34,1.01,0
29.66,3.48,50.99,35.9,21.57,0
2.56,1.09,56.73,24.94,8.36,0
62.04,3.58,56.93,33.68,14.78,0
76.1,3.92,59.44,27.23,19.51,0
1.89,1.46,58.17,27.19,17.06,0
9.73,2.12,45.76,30.19,9.54,0
49.23,3.96,45.04,23.58,7.36,0
41.38,3.12,54.92,28.66,7.07,0
6.12,1.58,47.04,26.09,15.33,0
7.05,1.86,43.33,21.4,10.24,0
13.88,1.64,50.68,29.69,28.37,0
19.88,3.34,56.91,26.68,31.16,0
28.89,1.85,54.26,27.21,2.81,0
13.81,2.14,54.53,21.95,2.2,0
18.63,3.26,67.3,35.96,14.93,0
41.29,3.15,53.45,32.38,5.38,0
1.12,1.45,52.39,32.82,0.28,0
8.73,1.67,47.24,26.47,32.93,0
37.48,2.91,48.85,19.35,3.86,0
67.67,4.89,55.47,37.76,39.74,0
21.5,1.25,49.4,27.69,18.96,0
22.79,3.18,56.29,24.26,21.57,0
3.4,0.92,69.3,30.08,3.37,0
17.79,2.08,46.94,33.84,4.0,0
22.82,2.2,50.09,27.88,11.05,0
8.33,2.13,50.74,34.39,2.83,0
9.41,1.08,54.58,33.41,5.47,0
14.21,2.3,54.24,22.62,5.82,0
0.61,2.54,60.36,24.63,2.61,0
11.66,1.28,32.34,32.79,3.44,0
7.13,1.88,31.97,14.44,23.31,0
11.9,1.65,47.82,27.25,2.74,0
3.83,1.87,59.35,20.85,0.43,0
66.36,4.16,47.43,25.62,14.89,0
27.01,2.26,29.99,26.51,55.93,0
34.1,3.11,59.68,26.21,6.03,0
46.7,4.27,58.95,25.24,1.89,0
20.7,2.23,44.38,22.51,12.67,0
2.73,1.97,42.52,39.46,35.52,0
23.11,1.78,45.71,37.34,22.99,0
26.52,2.08,54.86,22.19,14.61,0
41.05,3.38,51.15,35.91,5.68,0
16.95,2.92,56.5,26.0,11.71,0
4.09,1.84,27.78,28.65,1.44,0
10.01,1.74,44.65,27.68,17.04,0
13.53,2.04,43.02,24.7,19.37,0
31.15,2.12,52.62,32.92,50.3,0
25.37,2.82,49.5,28.63,4.52,0
13.21,2.47,58.36,25.62,0.28,0
129.19,6.44,54.5,21.48,11.83,0
27.92,2.38,54.55,23.53,18.4,0
8.12,1.96,55.69,19.79,23.44,0
3.22,1.41,65.34,28.06,3.23,0
4.98,1.67,46.89,22.02,4.55,0
8.47,2.89,53.87,26.67,10.78,0
5.25,1.59,36.36,34.85,6.02,0
6.19,1.57,31.79,34.0,29.55,0
10.07,1.58,58.27,27.84,9.63,0
5.71,2.1,50.81,27.56,24.11,0
68.12,4.13,69.65,37.4,13.03,0
2.51,1.28,39.39,30.6,22.25,0
22.3,3.05,57.5,26.36,6.07,0
15.85,2.84,67.33,20.87,26.7,0
121.16,6.05,71.53,29.97,4.81,1
3.56,0.71,52.75,32.15,11.85,0
15.22,2.61,52.35,24.84,3.61,0
104.67,5.34,53.13,29.46,9.68,0
60.19,4.3,69.87,26.18,5.74,0
50.96,2.55,52.76,27.08,4.65,0
8.95,2.3,55.38,15.56,51.16,0
5.62,1.12,38.34,26.89,2.62,0
33.14,3.19,45.53,32.85,23.22,0
79.51,4.69,73.41,24.84,62.18,0
24.41,2.0,50.88,28.26,0.3,0
25.43,2.31,65.44,24.22,18.01,0
9.85,2.24,50.85,29.8,4.37,0
44.02,3.31,41.87,26.92,0.62,0
6.21,2.04,58.07,23.3,7.73,0
11.73,2.96,47.04,34.66,41.05,0
16.62,1.38,58.08,32.64,0.18,0
21.25,3.16,53.39,24.98,13.3,0
8.33,1.89,38.9,30.49,10.44,0
3.66,1.2,51.86,30.69,31.0,0
28.3,1.97,71.81,31.21,1.32,0
10.22,1.81,55.48,19.53,17.16,0
26.11,3.01,53.46,33.03,17.1,0
5.03,1.64,59.36,25.15,16.59,0
19.68,3.04,54.64,26.21,42.8,0
22.82,1.69,55.1,41.19,25.98,0
1.6,1.56,41.51,29.51,0.64,0
12.31,1.37,53.72,26.07,9.55,0
4.33,1.86,58.93,16.97,7.61,0
1.96,2.02,43.61,34.95,5.57,0
138.04,6.81,82.1,21.27,9.0,1
11.67,0.66,51.02,22.98,7.27,0
49.8,3.59,50.37,26.34,8.49,0
8.82,2.07,59.3,35.08,58.14,0
34.32,3.08,52.85,31.87,1.39,0
42.84,3.83,62.5,27.21,38.31,0
27.16,2.05,51.74,29.54,9.82,0
19.14,2.61,52.39,25.0,14.66,0
15.92,2.73,56.34,28.7,26.6,0
12.87,1.13,54.26,28.37,6.71,0
79.58,4.84,45.97,32.84,8.44,0
53.27,3.38,49.02,32.84,7.9,0
100.6,5.48,72.52,30.47,7.04,1
3.98,1.83,49.54,26.19,38.96,0
39.38,2.83,51.72,31.71,26.49,0
83.58,4.51,51.67,27.54,1.73,0
6.0,1.76,42.26,22.59,1.72,0
2.06,1.04,34.14,25.98,8.38,0
40.54,2.58,55.27,28.42,1.56,0
25.63,2.86,49.06,32.55,14.48,0
55.32,3.14,50.57,27.08,2.33,0
4.52,2.01,50.13,21.95,11.08,0
47.58,3.63,60.05,28.28,0.11,0
6.76,0.91,67.76,28.57,5.71,0
5.36,1.38,38.71,28.93,16.96,0
5.38,2.31,60.08,32.6,9.93,0
50.55,3.03,65.37,33.09,57.44,0
32.83,2.58,48.69,25.03,31.08,0
22.21,2.62,54.96,24.92,6.67,0
13.33,2.43,48.34,22.8,0.7,0
62.92,3.89,60.92,31.49,28.03,0
14.95,1.8,64.32,35.24,36.33,0
50.88,4.25,62.48,26.42,25.77,0
17.35,3.06,56.67,26.79,2.05,0
14.19,2.56,48.69,35.33,92.6,0
18.63,2.29,40.92,30.53,4.49,0
10.76,1.53,49.95,30.18,19.32,0
41.3,2.74,65.85,22.05,35.8,0
20.96,2.6,40.93,31.39,4.03,0
7.93,2.03,42.75,23.35,35.83,0
68.95,4.96,61.35,22.33,5.55,0
14.53,2.41,44.3,26.27,56.21,0
23.53,1.69,47.19,25.07,4.95,0
71.08,4.87,57.27,26.89,46.0,0
29.36,2.18,43.48,20.8,0.83,0
3.73,1.46,42.77,32.79,18.53,0
84.32,5.0,68.28,33.64,11.39,0
29.64,3.68,43.99,18.26,9.75,0
12.23,3.54,39.05,32.89,3.79,0
4.5,1.98,45.63,23.95,18.34,0
47.4,3.3,62.97,32.28,3.18,0
29.03,2.93,52.78,27.66,12.07,0
22.87,2.86,49.71,28.14,4.38,0
67.3,4.03,60.45,27.07,46.72,0
46.62,4.26,43.03,34.06,0.44,0
4.93,1.81,54.7,21.8,3.34,0
11.21,2.2,54.75,31.04,4.16,0
8.57,2.18,48.01,33.51,8.02,0
40.87,3.35,64.18,31.58,3.97,0
1.02,1.96,41.13,39.62,10.14,0
25.31,2.2,62.82,25.36,30.89,0
43.12,2.95,57.7,32.79,18.68,0
62.81,3.46,56.73,27.47,13.01,0
12.56,2.22,51.73,34.17,1.4,0
51.65,3.96,56.89,27.96,17.76,1
3.52,1.87,60.29,26.06,2.73,0
56.21,4.59,49.82,34.53,23.15,0
4.09,1.66,44.51,25.54,4.32,0
15.19,2.44,60.57,20.94,8.09,0
47.88,2.87,52.42,25.42,6.47,0
4.87,1.5,57.94,31.1,29.37,0
7.81,2.16,64.77,34.96,2.03,0
38.43,3.46,52.55,28.56,12.51,0
38.19,2.88,61.18,34.59,2.3,0
30.75,2.69,45.38,21.21,18.3,0
35.52,2.16,61.37,25.78,35.32,0
23.47,2.26,55.12,26.56,8.55,0
8.7,2.29,55.09,27.43,10.04,0
12.73,2.3,46.74,28.42,39.35,0
6.01,1.99,37.61,31.45,11.04,0
71.73,4.39,64.78,25.78,10.03,0
26.27,2.55,37.43,28.7,12.95,0
15.37,1.78,49.77,27.77,17.53,0
18.6,2.59,60.32,23.37,1.7,0
88.28,5.24,64.78,27.43,25.81,0
4.99,1.95,66.34,27.28,8.58,0
26.47,2.3,62.17,27.17,1.13,0
21.15,1.27,47.94,28.16,23.14,0
28.36,3.18,54.47,28.38,7.1,0
0.55,1.28,49.7,25.84,1.59,0
61.7,3.54,46.6,34.36,15.07,0
80.7,5.07,54.58,22.15,31.82,0
24.98,2.3,49.26,24.4,32.81,0
35.79,3.46,39.08,41.9,47.43,0
76.72,4.88,61.89,22.81,30.34,1
36.85,3.32,53.54,21.23,0.03,0
4.97,1.02,37.36,31.67,7.18,0
25.76,3.14,57.1,17.61,25.6,0
28.0,2.75,59.93,26.82,6.84,0
16.56,1.98,54.3,38.73,13.8,0
40.0,3.17,53.41,20.28,13.98,0
81.71,3.88,66.99,18.09,6.81,0
77.94,4.82,67.13,20.5,35.23,0
17.98,1.7,55.16,32.49,10.49,0
3.61,0.97,43.94,33.62,9.38,0
125.68,5.77,71.06,25.44,89.95,1
54.77,4.25,67.78,31.42,10.2,0
3.99,1.35,45.83,34.95,2.95,0
76.09,5.31,78.2,36.94,10.79,0
61.18,3.68,54.97,26.77,25.23,0
21.95,1.52,53.55,16.49,22.5,0
26.84,2.02,48.65,23.9,23.31,0
15.27,2.73,54.08,25.87,18.47,0
1.69,1.49,36.32,26.71,4.4,0
12.25,1.72,47.47,27.06,29.72,0
48.71,3.53,48.57,33.59,33.59,0
0.14,1.76,51.1,34.37,3.24,0
12.17,2.55,59.78,27.14,2.1,0
15.23,2.83,57.45,33.49,55.7,0
23.13,2.25,34.5,29.79,30.41,0
75.72,3.87,77.69,28.32,33.56,0
12.76,1.8,54.28,32.53,32.62,0
12.78,2.14,45.71,28.36,11.7,0
40.13,2.62,57.28,38.29,15.59,0
18.06,1.74,54.12,20.81,11.82,0
7.63,1.98,45.81,25.42,0.79,0
18.07,2.2,54.29,27.37,20.53,0
4.55,1.7,45.82,30.2,10.56,0
5.82,1.35,47.64,34.34,15.65,0
20.7,2.21,47.61,27.88,10.48,0
16.29,1.69,40.98,20.89,10.15,0
73.9,4.9,62.25,32.21,2.83,1
13.5,2.56,56.71,31.77,4.9,0
26.07,1.62,58.03,18.29,2.59,0
30.01,2.24,61.06,27.98,3.27,0
0.4,0.77,52.65,20.05,54.17,0
32.68,2.48,50.64,24.68,2.49,0
5.88,1.69,57.6,23.49,4.71,0
97.38,4.67,53.75,32.05,13.4,0
4.83,1.23,43.52,28.58,14.13,0
16.07,1.64,44.7,21.57,2.51,0
2.68,1.71,59.04,32.4,23.68,0
173.04,8.46,83.5,20.83,23.07,1
20.93,1.98,57.04,29.65,4.06,0
27.14,2.67,62.65,23.93,5.11,0
2.08,1.31,43.28,26.17,41.71,0
41.58,3.03,59.03,30.52,26.2,0
7.07,2.62,50.06,30.61,17.95,0
68.5,4.91,67.05,34.68,1.29,0
6.89,1.13,50.11,27.59,8.13,0
6.35,2.17,47.87,29.53,12.29,0
1.12,1.95,54.49,25.81,3.11,0
19.16,1.69,59.88,28.91,8.92,0
24.96,2.91,48.4,30.2,13.78,0
2.04,2.35,49.82,27.51,5.95,0
44.82,2.73,48.26,18.98,22.78,0
18.12,1.77,32.73,29.66,27.53,0
22.29,2.9,54.95,29.82,5.86,0
17.44,2.33,57.49,24.6,27.36,0
15.36,2.39,54.4,21.58,1.64,0
24.6,2.65,38.09,35.38,27.28,0
5.06,1.9,47.95,30.46,2.49,0
6.02,1.08,33.16,26.85,1.3,0
59.37,4.4,69.86,22.31,15.4,0
87.63,5.59,54.46,23.89,9.58,0
14.02,1.95,62.15,34.51,35.77,0
9.47,1.86,58.99,28.69,6.77,0
30.98,1.97,47.44,25.25,5.08,0
15.76,2.39,43.3,30.55,10.42,0
0.77,1.82,52.92,23.93,9.13,0
5.09,1.67,44.01,35.5,6.33,0
37.76,3.57,56.48,34.76,17.75,0
32.27,2.62,50.98,25.67,21.38,0
0.82,1.82,35.87,24.86,28.76,0
7.53,1.29,33.29,14.91,54.1,0
7.88,1.8,53.0,20.59,4.65,0
33.43,2.75,50.52,21.3,18.89,0
0.6,1.64,45.66,28.68,7.52,0
3.3,1.45,56.06,26.37,16.96,0
48.27,3.37,66.63,21.27,9.69,0
5.9,2.15,48.7,26.59,76.18,0
31.73,2.55,52.03,30.53,19.58,0
8.16,1.02,55.23,30.64,45.7,0
3.14,2.5,39.62,18.5,27.02,0
8.36,2.53,53.04,27.36,34.98,0
38.43,2.39,60.18,21.08,25.26,0
58.08,4.17,64.15,32.51,9.22,0
53.2,3.38,42.49,31.92,4.35,0
15.18,2.24,46.19,23.51,6.94,0
33.09,2.97,47.94,24.17,0.31,0
6.88,1.66,51.83,25.69,11.13,0
10.41,1.52,55.41,16.74,10.55,0
68.0,3.87,72.17,29.68,11.17,0
0.39,1.06,46.1,26.64,54.76,0
2.68,1.19,46.42,32.85,36.36,0
6.99,1.75,60.25,22.51,2.65,0
0.81,1.17,52.49,24.9,6.9,0
6.01,2.08,61.04,20.47,8.27,0
26.24,3.29,56.25,22.98,6.71,0
16.42,1.87,43.21,22.09,24.03,0
66.96,4.3,49.38,32.98,11.14,0
51.02,3.79,45.24,24.51,12.73,0
12.55,2.24,57.18,28.62,28.76,0
9.01,1.9,60.86,26.1,24.59,0
14.33,2.44,66.94,21.65,2.13,0
26.77,2.81,60.76,27.16,18.77,0
9.36,1.26,60.71,31.0,8.58,0
29.36,3.11,49.76,21.96,5.24,0
15.8,2.58,43.12,32.05,0.77,0
24.09,2.08,60.41,23.75,10.02,0
17.19,2.21,55.92,25.59,6.59,0
10.46,2.26,52.43,30.65,4.35,0
88.96,4.95,66.44,24.68,17.8,1
43.27,3.77,59.08,28.19,22.01,0
4.53,2.86,60.95,26.43,4.21,0
60.86,3.54,69.49,28.65,0.76,0
20.05,1.61,57.36,16.1,28.33,0
67.49,4.35,66.89,18.85,0.15,0
48.26,3.79,61.35,31.08,41.5,0
16.61,2.05,48.8,33.19,14.82,0
0.68,2.25,56.15,23.45,5.83,0
9.39,1.21,40.25,26.78,4.24,0
23.4,2.78,61.94,29.47,0.14,0
30.11,2.4,44.96,31.47,4.03,0
8.95,2.72,53.63,17.86,2.22,0
4.5,2.68,43.91,23.57,14.21,0
54.04,3.28,62.53,26.34,2.73,0
124.82,6.22,68.45,31.52,11.28,1
22.38,2.82,40.6,40.49,13.38,0
5.65,1.53,54.21,26.86,5.31,0
9.54,1.86,46.81,20.97,0.54,0
0.56,1.53,57.13,30.01,0.57,0
73.71,3.49,61.07,34.6,0.4,0
3.76,1.64,53.73,28.54,20.16,0
25.78,2.19,46.21,23.47,5.74,0
9.61,1.64,46.73,32.79,23.87,0
24.24,3.19,49.97,31.32,8.48,0
31.62,2.14,61.6,22.87,9.05,0
53.11,4.03,71.39,29.91,10.79,0
6.94,1.64,44.6,32.99,18.73,0
0.33,1.37,58.66,33.91,4.79,0
4.42,2.07,33.31,27.67,1.94,0
69.08,4.43,50.81,26.21,12.18,0
62.12,4.27,51.65,34.14,5.94,0
27.3,3.08,43.27,21.95,8.76,0
27.53,2.44,41.46,30.19,15.62,0
32.81,2.51,58.23,21.15,10.22,0
5.78,1.19,49.16,33.33,14.52,0
73.75,4.04,64.1,26.71,11.79,0
16.28,3.63,57.97,34.34,20.19,0
14.49,2.7,54.3,30.46,18.36,0
21.95,1.7,58.55,21.88,11.46,0
1.44,0.9,49.66,35.12,17.04,0
5.46,1.96,41.32,35.76,31.02,0
40.19,3.38,64.49,32.41,8.49,0
2.59,1.88,45.68,24.19,7.98,0
27.73,2.48,46.67,26.47,21.67,0
8.45,1.78,49.84,28.73,13.1,0
14.79,2.26,44.92,24.48,1.1,0
10.22,1.95,48.19,36.46,33.4,0
13.19,0.92,54.73,28.72,0.47,0
38.09,2.91,58.5,14.48,20.7,0
10.58,1.5,44.4,29.7,21.33,0
25.07,2.59,49.86,26.26,45.9,0
19.39,3.77,61.5,27.63,0.83,0
32.69,2.99,58.87,26.16,13.63,0
82.86,4.66,79.03,32.04,8.38,1
39.57,3.54,65.38,33.6,6.02,0
7.26,2.03,60.24,29.42,1.42,0
0.95,1.75,39.04,26.3,12.41,0
9.13,2.17,57.48,27.79,9.78,0
27.12,3.61,53.64,28.1,1.66,0
1.58,1.0,45.83,23.99,14.22,0
20.58,2.56,54.43,30.89,20.09,0
27.25,2.13,61.65,30.3,21.87,0
12.2,2.27,55.84,35.7,35.37,0
44.21,2.81,49.6,34.28,7.9,0
3.38,1.43,56.45,24.57,45.89,0
2.34,1.45,45.25,32.1,30.08,0
39.08,3.55,57.6,23.25,5.28,0
20.53,2.78,50.65,31.48,2.6,0
34.98,2.28,53.5,25.42,8.57,0
17.12,2.21,58.7,22.88,7.71,0
8.49,1.48,42.95,29.4,12.86,0
51.29,2.92,73.26,14.63,13.13,0
48.2,3.32,42.66,19.25,20.79,0
35.59,2.77,50.56,27.11,10.7,0
9.53,3.09,54.39,28.41,1.66,0
26.76,2.79,58.69,26.15,29.31,0
13.43,1.35,51.21,20.1,5.56,0
2.88,1.33,49.97,23.91,53.26,0
74.78,5.0,64.5,29.96,1.88,0
4.41,2.72,48.81,30.91,47.64,0
90.01,4.31,74.65,27.92,1.43,0
17.72,1.27,59.37,33.78,3.94,0
6.14,2.68,57.9,29.99,0.72,0
23.42,2.63,45.78,24.26,18.32,0
61.89,3.54,58.65,26.6,28.49,0
39.53,3.35,53.53,20.99,8.54,0
49.28,2.15,49.35,27.46,39.58,0
32.26,2.79,57.72,33.56,13.38,0
35.36,3.08,51.0,31.43,14.91,0
56.75,4.23,63.76,35.01,28.01,0
8.62,1.34,42.73,26.49,5.28,0
20.17,2.35,66.78,34.73,6.56,0
7.5,1.34,43.95,27.03,35.46,0
131.87,6.9,71.53,35.36,34.68,1
86.5,4.51,69.31,27.89,56.25,1
1.21,1.34,45.62,31.54,34.82,0
36.68,2.47,62.32,35.38,2.04,0
77.81,4.94,51.84,27.03,26.04,0
5.97,2.17,62.51,29.09,7.91,0
25.18,2.39,53.89,34.44,70.33,0
74.13,4.48,56.35,27.33,9.59,0
1.04,0.82,47.76,21.4,12.11,0
35.86,2.78,61.85,38.72,11.32,0
10.59,1.9,46.91,25.65,5.82,0
77.47,5.91,55.63,28.79,1.17,0
106.27,5.19,64.17,33.78,33.9,1
86.62,5.7,53.58,24.96,24.34,1
19.29,2.77,67.46,22.96,2.25,0
59.42,4.02,54.38,29.27,22.49,0
55.84,4.61,65.03,19.03,14.75,0
11.53,2.15,53.41,26.56,7.89,0
52.97,3.81,50.07,29.23,4.4,0
1.13,1.52,50.12,26.65,29.46,0
27.21,3.2,60.35,20.28,18.07,0
7.84,2.36,49.67,35.97,11.9,0
3.85,1.34,60.12,28.52,14.11,0
2.4,0.94,58.53,35.16,1.43,0
35.75,2.83,62.71,26.7,9.63,0
12.46,1.6,48.19,23.6,3.23,0
38.7,3.02,47.17,29.35,3.51,0
2.03,2.2,45.4,26.92,16.24,0
11.36,1.73,53.27,22.11,36.33,0
23.26,2.41,57.86,35.35,7.76,0
46.92,3.41,39.67,24.89,3.49,0
11.51,2.38,51.66,18.8,15.69,0
29.5,1.56,55.69,34.64,30.74,0
65.14,3.8,57.55,25.48,20.69,0
28.7,2.75,64.64,24.96,30.46,0
7.96,2.42,54.57,19.17,11.54,0
0.74,1.28,60.59,36.7,20.91,0
61.23,3.01,57.46,21.55,2.26,0
0.64,1.84,57.6,28.29,6.42,0
62.31,3.67,72.43,32.56,7.4,0
22.58,1.81,63.88,30.11,10.74,0
83.94,4.55,53.85,27.7,39.69,0
48.1,3.33,55.19,19.49,31.11,0
185.47,8.62,75.06,23.95,2.17,1
12.96,0.92,55.86,28.94,2.85,0
43.73,3.7,62.05,24.06,6.64,0
15.42,2.75,45.6,29.02,5.15,0
19.61,2.61,53.48,31.41,14.31,0
29.63,2.12,38.28,32.81,34.96,0
62.07,3.88,70.85,21.87,49.17,1
124.21,6.47,64.53,38.98,15.9,1
43.87,3.55,57.03,31.84,27.32,0
16.23,2.48,49.96,27.99,11.17,0
16.41,1.79,61.63,33.45,3.5,0
40.13,3.15,33.32,39.83,11.16,0
8.18,2.06,51.09,20.81,12.15,0
3.51,2.37,49.68,26.87,20.35,0
13.14,2.38,48.34,16.11,3.72,0
10.16,2.3,65.33,28.96,6.89,0
10.54,1.96,44.48,29.83,6.79,0
7.98,2.52,57.37,27.8,48.07,0
1.29,1.76,53.04,24.73,8.8,0
0.54,1.09,60.17,17.75,21.1,0
132.0,7.48,64.46,29.87,20.84,1
16.75,2.52,46.65,35.28,4.63,0
14.55,1.86,60.95,25.04,12.72,0
34.15,2.63,58.53,30.2,33.71,0
7.39,1.94,38.75,20.16,9.67,0
89.85,5.33,59.16,30.29,43.54,0
46.3,3.45,60.04,26.03,3.62,0
2.81,1.77,57.12,24.19,1.16,0
16.22,3.0,47.0,24.2,33.31,0
63.39,4.57,36.19,26.03,28.23,0
86.87,5.07,67.22,29.91,73.57,0
18.9,2.73,43.07,21.44,17.06,0
28.51,2.12,38.14,26.01,41.4,0
5.48,1.92,28.16,27.79,26.31,0
141.88,8.08,77.79,22.5,27.91,1
7.91,1.71,52.21,36.98,12.63,0
85.8,4.51,61.06,23.73,7.23,0
31.46,2.43,65.83,24.65,40.9,0
28.07,2.08,59.31,23.11,8.49,0
21.57,1.97,66.17,36.99,11.61,0
7.87,1.63,40.04,30.76,8.86,0
5.83,1.03,50.6,23.32,12.48,0
7.47,1.81,38.19,33.53,9.54,0
6.19,2.2,49.09,29.0,0.74,0
45.37,2.86,54.82,29.29,32.06,0
12.93,2.78,56.95,26.28,8.82,0
1.79,1.83,50.63,24.25,13.34,0
104.31,6.19,70.63,29.69,2.25,1
64.57,3.75,65.31,25.27,0.05,0
78.83,5.08,79.06,37.08,4.22,0
158.4,7.29,71.24,21.65,18.29,1
5.73,2.17,43.33,35.68,1.57,0
15.14,2.19,54.24,27.44,35.93,0
42.59,3.48,49.97,29.5,3.63,0
35.72,2.34,67.21,32.17,3.43,0
5.01,1.25,48.49,24.85,3.0,0
50.76,3.83,53.09,32.32,0.21,0
7.63,1.33,47.37,14.46,22.16,0
7.6,2.04,56.89,24.4,31.2,0
23.1,1.74,52.2,23.38,14.29,0
26.96,3.0,48.91,21.73,3.13,0
26.03,1.92,67.23,26.93,5.04,0
2.88,1.89,43.58,29.93,9.69,0
62.98,4.33,59.73,31.51,46.3,0
9.26,1.52,56.61,29.2,4.26,0
4.16,1.96,37.57,24.67,19.73,0
65.88,4.27,63.72,29.85,8.68,0
93.47,4.97,55.58,28.62,5.3,0
59.44,3.37,65.5,32.68,9.13,0
49.75,2.51,49.76,31.88,1.11,0
31.95,2.95,60.33,28.15,24.04,0
24.01,1.68,62.45,23.51,4.18,0
2.73,1.66,57.3,24.74,19.39,0
15.75,2.0,54.37,25.25,1.06,0
13.99,2.4,50.25,26.42,46.55,0
9.02,1.71,46.74,29.34,3.22,0
38.56,2.88,67.55,31.58,32.15,0
20.55,2.69,47.49,27.74,24.87,0
2.54,1.77,42.08,28.08,51.56,0
7.46,1.96,56.44,28.72,9.75,0
34.49,3.11,48.8,25.42,19.5,0
2.38,0.83,42.76,23.37,6.95,0
57.16,4.16,47.02,19.22,3.06,0
20.5,2.63,49.21,24.52,8.78,0
19.65,1.78,52.29,30.37,2.72,0
26.92,2.45,55.98,24.49,60.3,0
52.23,3.57,65.45,26.81,1.52,0
12.82,1.95,56.14,30.33,13.35,0
34.0,3.03,53.57,30.6,14.77,0
25.02,3.22,52.17,22.6,11.59,0
9.32,2.41,55.48,32.99,16.28,0
63.27,3.37,69.67,33.64,1.85,0
47.9,3.73,58.2,22.35,12.15,0
32.23,3.45,51.08,23.88,5.08,0
57.03,3.97,50.61,33.96,42.25,0
60.59,4.47,47.53,27.27,21.54,0
36.97,3.98,60.88,16.9,53.91,0
54.42,4.19,62.79,21.0,0.57,0
35.87,3.06,60.0,26.75,5.03,0
34.2,3.39,54.1,22.18,3.26,0
28.92,2.73,65.59,25.93,0.17,0
41.92,3.19,52.41,28.16,4.16,0
5.18,1.53,58.42,35.31,17.03,0
63.83,4.83,59.26,26.55,3.94,0
61.64,3.56,54.38,33.36,10.67,0
0.89,2.3,54.87,35.14,32.81,0
52.43,3.85,61.14,35.17,17.75,0
4.14,0.97,53.48,29.42,7.53,0
12.24,2.17,52.49,18.18,6.99,0
40.82,2.08,55.82,30.3,9.12,0
5.26,2.02,69.9,33.24,2.92,0
51.11,3.99,67.14,27.59,15.08,0
53.54,3.35,63.81,36.72,6.79,0
21.25,2.41,54.08,32.3,28.7,0
0.19,2.48,58.09,30.84,21.19,0
10.15,1.65,55.67,33.43,14.14,0
28.79,2.12,54.53,29.67,6.79,0
119.19,7.01,65.45,15.54,3.53,1
29.97,3.68,53.85,25.5,22.45,0
9.03,1.86,25.99,33.99,9.99,0
30.15,3.21,56.21,23.96,3.82,0
23.29,3.1,49.59,26.88,3.26,0
45.4,2.94,69.55,22.78,2.71,0
3.39,1.39,50.66,36.92,22.52,0
42.94,3.83,46.93,36.41,3.9,0
23.38,3.28,53.11,23.58,11.22,0
98.9,5.74,56.47,28.74,9.01,1
12.55,1.56,55.67,24.6,13.0,0
30.04,3.7,56.83,31.07,31.45,0
80.66,4.46,69.76,30.55,30.35,1
3.24,1.46,44.16,32.06,9.0,0
83.05,4.99,62.73,29.66,0.23,0
34.93,3.67,44.32,42.68,8.34,0
2.11,2.01,55.93,22.86,13.98,0
10.74,2.14,55.76,19.45,12.24,0
36.95,3.21,59.51,26.03,15.8,0
2.09,1.61,50.33,20.16,2.51,0
26.18,2.83,57.25,20.54,15.6,0
12.73,0.74,64.74,22.99,3.03,0
29.1,2.52,52.08,23.39,20.83,0
1.4,1.68,51.32,23.23,6.21,0
61.56,3.39,50.55,30.59,18.56,0
108.91,6.05,59.39,25.47,0.74,1
104.1,5.56,66.4,27.1,7.86,1
41.55,4.04,65.06,32.47,18.31,0
4.18,2.45,48.58,24.17,3.86,0
42.6,2.97,54.5,26.68,23.79,0
0.75,1.45,46.86,29.83,14.95,0
0.67,1.49,45.82,18.29,13.29,0
11.73,1.74,54.12,16.08,6.54,0
20.12,2.4,41.04,29.73,9.88,0
44.14,2.89,66.87,30.46,13.65,0
34.49,2.31,49.85,38.32,9.59,0
17.71,2.52,58.43,28.79,17.98,0
9.59,2.2,41.28,32.1,8.53,0
175.55,8.12,81.68,27.02,3.39,1
16.66,2.61,57.88,29.49,3.61,0
18.01,1.9,55.78,36.34,0.09,0
5.36,1.84,42.85,17.38,5.37,0
47.51,3.81,59.12,30.07,20.73,0
35.49,2.9,45.86,38.68,23.71,0
7.48,2.03,49.1,29.41,3.39,0
2.58,1.34,58.62,36.25,47.93,0
34.23,2.77,61.51,24.85,10.47,0
31.88,2.67,54.9,27.84,37.33,0
9.58,1.51,43.64,28.17,18.4,0
90.39,5.03,68.72,16.91,19.23,0
4.91,0.92,50.89,22.16,1.33,0
16.99,1.93,33.99,22.52,3.73,0
86.27,4.81,69.2,32.11,0.13,0
16.33,2.03,52.26,32.36,18.89,0
30.53,2.6,64.2,29.62,6.33,0
15.2,2.08,43.52,32.12,23.17,0
9.62,2.12,26.03,27.18,6.21,0
124.01,6.9,70.83,34.01,25.67,1
15.8,1.81,54.7,28.04,2.1,0
67.36,3.59,46.58,28.29,2.86,0
7.84,1.29,43.35,26.67,6.25,0
7.19,1.54,73.12,31.42,7.88,0
0.95,1.36,47.7,25.89,6.43,0
31.64,2.38,60.59,32.88,21.64,0
13.79,1.4,46.86,22.34,1.53,0
59.93,3.67,42.27,22.51,6.49,0
19.23,2.36,51.52,31.44,27.23,0
103.44,5.94,63.39,27.56,1.04,1
6.16,1.47,47.72,25.73,42.8,0
60.89,3.73,58.22,32.45,64.37,0
44.96,2.84,58.86,24.96,1.39,0
44.21,3.25,55.43,27.0,5.16,0
55.89,3.31,48.27,35.0,6.99,0
42.94,3.5,60.33,35.7,22.47,0
29.52,1.79,38.83,35.86,13.59,0
4.22,1.49,34.23,26.59,15.51,0
0.99,1.69,56.06,34.15,21.25,0
76.09,4.64,65.47,23.26,1.88,0
28.76,4.0,53.86,23.47,26.87,0
47.77,3.59,46.0,16.25,18.34,0
19.71,1.79,47.29,36.36,12.92,0
3.74,1.6,48.46,23.68,33.07,0
4.01,0.77,37.83,27.37,18.07,0
34.71,2.85,49.29,23.45,3.38,0
16.88,1.76,57.75,31.48,8.43,0
6.71,2.23,62.43,26.12,10.22,0
20.29,2.04,49.69,21.48,0.85,0
1.99,1.52,56.35,30.21,46.4,0
26.17,2.23,38.61,20.83,2.06,0
9.4,2.75,56.69,23.81,17.93,0
47.92,3.26,50.76,17.47,10.59,0
11.15,2.86,54.13,20.88,0.39,0
18.22,2.64,50.75,28.89,38.8,0
0.35,1.76,60.62,18.18,28.64,0
2.26,1.77,43.34,20.59,11.14,0
14.95,2.29,57.26,27.99,3.9,0
19.61,1.32,50.71,25.28,1.95,0
27.49,2.46,52.86,37.96,6.77,0
10.35,2.34,50.08,37.17,4.42,0
35.62,2.9,48.58,23.66,10.6,0
59.01,3.16,58.74,30.79,50.9,0
45.4,3.29,56.31,31.75,12.83,0
1.21,2.4,52.11,25.01,33.1,0
19.65,2.91,53.62,20.52,15.79,0
3.33,1.6,56.88,27.94,9.67,0
8.31,2.31,58.64,27.14,28.92,0
129.52,6.5,61.02,25.82,9.56,1
4.61,0.83,57.64,30.21,30.45,0
20.73,1.87,43.62,24.25,5.17,0
28.88,3.44,59.04,22.24,2.07,0
36.37,2.82,60.41,28.55,29.0,0
24.61,2.36,38.4,29.93,13.28,0
0.29,1.36,50.79,22.12,32.99,0
11.86,2.93,48.03,32.64,41.67,0
21.88,3.19,47.21,19.15,0.83,0
2.76,2.72,61.22,25.11,10.43,0
12.95,1.94,46.71,26.71,7.05,0
1.01,1.69,43.7,24.82,14.75,0
2.46,0.84,50.97,25.17,23.67,0
15.17,2.85,57.76,37.36,4.94,0
4.27,1.09,49.51,23.75,12.21,0
25.15,2.61,63.1,40.21,18.5,0
35.08,2.35,59.51,30.19,2.17,0
48.37,3.14,39.83,28.46,25.24,0
6.7,1.35,46.77,30.38,13.98,0
5.5,1.42,46.33,40.65,44.8,0
3.31,1.36,54.33,23.03,6.22,0
30.35,2.44,33.55,22.4,1.72,0
36.77,3.39,75.91,24.23,10.59,0
0.96,0.99,54.39,28.16,1.35,0
82.57,4.91,63.58,19.37,52.36,0
1.6,2.17,59.69,28.11,0.59,0
23.38,2.18,72.26,36.47,21.01,0
37.04,2.62,62.52,28.76,11.17,0
61.43,3.84,66.81,26.54,6.9,0
37.56,3.59,56.68,24.91,1.02,0
48.54,3.54,56.15,32.49,14.6,0
12.44,1.73,48.06,23.87,13.2,0
50.59,3.77,50.98,37.23,4.95,0
2.51,1.05,44.88,37.67,36.16,0
67.56,4.54,49.33,29.28,5.44,0
23.8,2.66,52.96,27.94,8.96,0
51.0,3.39,44.17,33.15,11.77,0
18.06,1.8,54.24,33.47,1.58,0
30.95,2.29,54.35,23.97,40.36,0
22.42,2.66,54.54,25.37,7.04,0
39.46,3.69,51.74,21.39,1.26,0
2.55,1.28,75.0,30.05,7.35,0
1.87,1.8,61.16,31.33,13.75,0
8.51,0.8,41.32,21.25,10.81,0
5.21,1.42,52.65,25.72,17.79,0
61.62,3.95,54.38,21.26,0.86,0
7.42,1.34,43.0,23.51,5.02,0
111.72,5.5,56.04,30.76,25.66,0
12.32,1.66,55.31,24.33,1.25,0
6.03,1.89,45.45,26.5,29.02,0
46.78,3.28,64.76,19.86,1.45,0
32.25,1.67,62.79,28.93,26.98,0
20.69,1.27,64.09,27.78,6.71,0
24.31,2.17,46.83,24.36,14.21,0
38.1,3.25,59.52,27.05,2.49,0
7.78,0.5,56.23,28.9,1.03,0
168.26,7.98,71.45,23.93,3.65,1
110.42,5.65,60.39,20.62,2.05,0
31.52,3.46,67.6,37.03,5.62,0
6.68,1.57,52.82,24.83,10.84,0
34.2,3.06,60.22,27.52,13.33,0
2.25,1.66,43.76,33.05,23.4,0
0.93,0.5,40.39,45.0,16.02,0
8.94,2.24,46.79,21.78,14.08,0
18.63,2.35,51.8,30.25,7.96,0
60.81,4.19,50.61,24.46,9.63,0
38.97,5.02,55.77,25.31,8.03,0
40.73,2.09,42.6,24.4,27.69,0
16.63,3.03,43.53,22.37,3.92,0
12.74,1.87,57.28,27.79,0.09,0
13.91,2.2,56.92,20.63,15.8,0
131.82,6.75,66.64,32.73,3.39,1
1.23,1.34,42.04,28.28,33.12,0
60.53,3.64,50.86,30.11,29.39,0
25.93,2.7,50.9,25.67,1.2,0
17.32,1.43,57.75,26.16,1.69,0
38.76,3.43,63.24,29.44,10.25,0
20.01,2.09,49.03,22.18,14.09,0
62.01,3.42,50.07,26.21,4.82,0
69.29,4.05,62.54,23.7,18.92,0
16.43,2.79,45.88,23.55,13.55,0
9.72,1.62,47.31,17.45,5.89,0
26.92,2.76,64.64,34.7,0.39,0
73.04,4.06,67.57,24.57,20.8,1
7.1,2.16,52.33,33.82,3.63,0
29.26,3.01,44.21,33.34,26.98,0
29.95,3.62,56.18,21.57,8.18,0
39.63,3.0,64.45,22.56,12.91,0
4.23,2.0,47.63,40.8,30.95,0
37.74,3.06,66.47,36.75,29.88,0
71.92,5.02,71.13,27.84,6.97,0
5.94,1.38,64.2,29.29,3.51,0
8.14,2.2,53.66,24.85,22.38,0
106.63,5.67,70.69,30.16,8.51,1
5.99,1.71,62.21,24.41,3.2,0
57.8,3.86,62.25,17.84,35.22,0
20.33,2.44,49.04,21.39,3.31,0
8.52,1.78,47.69,28.11,0.39,0
61.38,4.06,61.12,22.34,0.31,0
17.68,3.0,42.33,27.66,14.61,0
21.7,2.86,52.11,22.63,16.26,0
13.35,2.47,60.78,24.09,5.59,0
26.96,2.35,36.51,32.27,5.79,0
5.36,1.27,63.08,29.24,6.22,0
14.88,2.57,61.21,27.95,17.1,0
104.61,6.12,62.01,32.39,0.9,0
8.96,2.59,55.69,30.4,39.7,0
32.08,2.48,54.84,35.23,3.78,0
11.8,1.86,61.61,25.7,100.0,0
44.55,2.46,64.54,25.85,2.82,0
4.21,1.47,39.43,21.49,22.15,0
105.02,6.2,70.45,25.86,3.79,1
18.14,1.99,51.08,32.82,1.26,0
8.08,2.14,51.87,34.5,31.18,0
2.29,1.5,44.52,32.8,29.36,0
5.58,1.89,64.82,19.03,7.75,0
22.0,1.81,61.62,33.42,18.18,0
12.33,2.04,45.93,18.81,12.22,0
52.96,2.12,47.27,32.49,28.76,0
16.91,2.08,49.45,26.16,5.68,0
8.58,1.03,54.76,31.51,11.12,0
28.8,3.26,56.24,21.34,9.96,0
36.8,3.36,65.55,33.86,6.55,0
5.48,1.95,57.14,20.68,33.31,0
5.5,2.48,58.58,24.66,2.72,0
1.12,1.07,52.78,23.01,2.43,0
40.0,3.97,44.89,19.23,12.9,0
32.7,3.27,53.34,28.47,16.07,0
19.31,2.15,61.38,37.03,3.25,0
55.77,4.3,57.95,41.33,7.43,0
49.15,2.91,61.4,28.49,43.94,0
26.41,2.14,51.41,33.58,4.25,0
60.81,3.63,50.88,29.16,16.56,0
6.91,1.51,50.05,30.49,20.21,0
3.56,1.11,53.01,26.29,8.92,0
9.43,2.49,46.17,28.98,41.6,0
1.76,1.44,48.38,30.69,20.01,0
22.73,2.59,45.89,25.11,9.19,0
82.75,4.52,71.37,27.61,12.64,0
1.2,0.64,47.82,27.71,17.69,0
3.91,1.79,62.21,32.13,13.45,0
18.06,1.27,64.94,22.67,31.64,0
81.49,4.73,61.57,27.74,6.62,0
11.4,1.27,43.64,37.56,5.35,0
21.23,3.34,36.5,33.82,3.61,0
1.27,2.01,38.41,34.75,0.58,0
4.82,1.75,39.73,28.12,0.66,0
129.44,7.31,80.44,29.6,30.61,1
100.67,5.1,66.03,33.01,17.02,0
0.15,1.78,53.14,35.8,16.21,0
90.98,5.24,45.88,18.24,14.3,0
30.58,2.86,45.0,21.42,28.38,0
60.73,4.57,66.21,34.55,9.82,0
18.19,2.59,55.02,26.62,30.65,0
21.75,2.51,52.08,24.64,6.68,0
20.13,1.48,57.54,21.73,39.2,0
32.98,2.34,68.03,25.22,17.99,0
4.51,1.62,48.91,20.99,4.46,0
0.91,1.58,50.69,38.46,12.45,0
11.04,1.38,53.2,27.89,11.42,0
36.59,4.17,74.63,27.71,2.23,0
6.76,2.53,34.22,30.94,13.42,0
33.57,3.14,60.5,32.81,5.67,0
105.11,5.74,64.85,32.73,0.81,1
2.96,1.51,54.98,33.37,44.54,0
33.5,2.36,49.77,24.85,15.39,0
17.6,2.24,52.25,26.51,31.42,0
60.78,4.06,64.81,31.85,16.91,0
5.85,1.11,75.78,25.36,6.62,0
35.39,3.08,61.77,27.97,10.78,0
54.63,3.61,51.41,29.99,16.89,0
86.8,4.02,59.63,31.93,48.38,1
34.49,2.45,51.55,19.11,4.39,0
20.63,2.12,38.73,31.57,31.19,0
28.86,3.6,51.69,26.83,38.67,0
60.95,4.22,65.01,31.54,16.65,0
25.36,1.85,43.61,31.88,40.16,0
0.93,1.78,58.53,36.04,7.61,0
80.19,3.93,65.93,34.77,45.87,1
35.09,3.44,49.39,34.73,18.2,0
33.86,2.62,53.95,35.22,0.64,0
7.29,1.74,63.88,29.46,35.61,0
32.27,3.45,60.71,28.16,9.94,0
15.02,1.46,52.32,32.36,9.25,0
31.6,2.07,52.84,31.66,12.54,0
3.38,1.34,51.12,26.45,2.43,0
32.17,3.31,50.73,30.02,9.5,0
223.25,9.67,66.65,27.82,26.68,1
1.48,0.5,66.56,23.73,0.23,0
113.4,5.81,68.25,34.45,4.78,1
15.67,2.4,55.54,28.28,0.04,0
61.38,4.56,58.74,38.24,8.06,0
45.75,3.1,50.98,19.87,19.55,0
25.11,2.3,52.28,25.22,24.05,0
40.23,3.69,43.24,28.16,43.56,0
63.24,3.09,77.7,33.69,14.07,0
15.53,1.93,42.45,30.0,4.41,0
11.88,2.07,43.53,29.55,38.68,0
33.04,3.05,51.43,22.36,22.4,0
49.48,3.22,67.73,22.22,12.81,0
43.1,3.24,56.58,29.61,17.84,0
47.96,2.17,47.3,21.18,38.72,0
17.16,1.86,62.61,25.34,18.69,0
51.09,3.77,63.51,30.5,6.89,0
3.84,1.16,54.88,23.09,18.73,0
23.59,2.47,59.26,36.03,0.62,0
0.17,1.73,69.18,34.12,7.33,0
11.77,1.8,69.25,20.14,7.82,0
13.69,2.13,46.56,23.34,2.74,0
15.13,1.62,65.26,16.57,0.35,0
35.67,2.82,58.42,24.09,2.15,0
14.76,2.4,56.21,31.83,15.95,0
17.86,2.29,39.14,25.93,24.31,0
8.14,1.53,49.86,30.3,66.6,0
14.02,2.17,45.6,20.39,6.38,0
7.73,2.17,57.78,31.99,13.72,0
2.28,0.57,58.91,25.22,41.5,0
27.75,3.19,37.57,28.06,2.74,0
33.1,2.66,54.79,27.54,18.97,0
28.99,2.87,63.32,21.64,21.1,0
18.68,2.85,51.31,22.23,1.4,0
14.33,1.39,57.98,32.84,29.63,0
59.71,3.53,61.77,29.99,25.16,0
21.96,2.23,56.03,33.25,0.51,0
19.57,1.89,50.77,29.62,1.43,0
0.78,2.4,40.38,28.71,0.76,0
12.52,1.57,42.91,19.37,6.11,0
14.35,1.8,57.83,26.65,10.68,0
15.27,2.21,52.45,27.86,11.4,0
26.04,1.94,52.8,37.77,4.67,0
22.88,2.22,50.04,31.43,36.39,0
28.09,2.78,51.77,35.68,6.89,0
43.43,3.07,64.89,30.99,0.7,0
50.3,3.47,54.86,24.44,5.35,0
37.99,2.75,44.97,28.59,11.36,0
93.38,4.48,69.96,29.18,7.87,0
0.55,1.68,48.44,23.3,4.8,0
6.54,2.64,51.23,26.08,2.11,0
0.23,1.52,62.89,26.97,25.65,0
31.28,2.86,54.53,36.03,83.38,0
68.49,4.59,62.59,17.6,6.0,0
8.37,1.2,41.82,34.03,7.21,0
78.53,5.49,60.02,23.32,14.44,0
1.86,1.68,55.16,21.14,19.01,0
81.74,5.59,49.82,33.9,7.46,0
13.0,1.65,53.56,31.66,35.3,0
3.21,2.54,51.29,34.27,12.31,0
19.96,2.69,53.32,32.0,8.98,0
8.9,2.13,59.63,38.3,15.61,0
10.06,2.02,54.18,30.79,45.8,0
11.01,1.82,63.48,27.22,23.74,0
48.74,4.05,49.36,29.71,0.61,0
23.24,2.5,54.57,34.22,6.06,0
11.19,0.96,52.35,24.1,9.54,0
28.27,2.07,45.69,24.74,5.66,0
37.78,2.92,63.32,26.46,18.07,0
9.55,2.04,70.03,17.48,26.25,0
16.01,2.11,52.27,28.69,19.71,0
3.9,2.27,54.63,18.57,68.11,0
6.0,0.76,51.58,28.27,4.77,0
34.29,2.94,49.43,32.33,31.19,0
6.01,0.83,36.33,25.62,21.83,0
22.34,2.77,47.71,36.39,6.75,0
37.04,2.93,44.42,20.7,19.87,0
3.39,1.85,64.14,33.96,1.65,0
25.13,2.07,52.85,31.38,23.36,0
8.89,2.5,48.57,19.42,11.4,0
98.85,5.97,71.94,41.55,5.19,1
19.82,2.58,44.0,27.68,16.0,0
49.2,3.4,51.24,23.61,15.39,0
23.97,2.75,54.14,20.96,3.53,0
1.33,1.2,58.43,26.9,0.46,0
30.08,3.13,58.53,27.36,8.53,0
90.73,5.95,65.6,28.51,12.64,1
27.61,3.14,54.77,26.51,31.39,0
51.31,3.19,60.9,31.17,39.51,0
64.68,4.27,61.31,26.06,11.29,0
7.77,1.16,42.93,18.33,21.02,0
7.15,2.07,51.44,27.25,8.68,0
28.32,2.86,45.66,16.16,20.56,0
15.88,1.2,53.03,29.77,3.44,0
54.95,3.12,54.4,23.1,6.96,0
69.08,4.12,80.68,28.82,15.09,1
13.08,1.87,51.64,34.57,0.27,0
8.11,1.22,39.98,23.26,19.23,0
45.5,3.51,55.75,33.31,27.08,0
9.64,2.01,55.6,25.83,7.64,0
51.88,3.48,71.17,36.77,8.91,0
16.54,1.78,47.76,26.17,28.59,0
33.04,3.35,42.3,23.8,22.42,0
3.01,2.45,56.99,31.44,5.1,0
29.33,2.43,43.36,25.82,5.87,0
18.03,1.92,49.22,23.79,17.04,0
26.5,2.81,51.91,25.61,12.42,0
5.52,1.54,50.27,27.78,2.66,0
40.05,3.03,61.52,34.71,5.56,0
59.59,4.25,53.47,18.33,34.54,1
7.33,0.84,48.91,28.12,17.48,0
3.02,2.28,50.34,31.12,64.0,0
0.72,1.57,51.3,28.97,21.85,0
30.81,2.53,55.4,34.55,42.7,0
28.03,2.58,57.69,27.63,3.65,0
23.74,2.43,60.31,27.08,22.14,0
7.92,0.95,54.33,30.96,0.31,0
14.87,2.84,55.86,28.5,16.66,0
27.08,2.6,41.4,26.05,9.5,0
20.6,2.55,53.49,30.58,6.39,0
132.15,7.26,73.66,24.74,29.75,1
4.4,1.17,56.49,24.94,28.89,0
35.64,3.16,49.81,25.36,0.34,0
15.54,1.99,47.06,34.77,14.11,0
16.77,2.59,47.92,11.89,6.88,0
37.93,1.95,59.98,29.98,8.06,0
35.37,2.87,63.58,28.17,26.76,0
142.18,6.89,68.07,19.6,5.56,1
4.12,1.88,57.88,29.55,42.98,0
3.3,1.87,51.48,30.38,2.97,0
38.66,2.69,54.8,30.95,16.3,0
25.91,2.18,52.2,14.74,16.73,0
9.61,1.83,57.41,34.83,4.36,0
2.48,1.15,52.98,24.31,5.89,0
2.69,2.03,68.61,31.43,27.01,0
67.38,4.01,53.29,31.71,21.52,0
6.39,0.5,55.1,23.62,5.99,0
11.72,1.78,47.52,31.3,11.45,0
7.71,1.29,44.2,26.07,0.95,0
13.15,1.21,51.89,17.64,3.51,0
2.16,0.97,51.42,33.84,9.98,0
21.96,2.43,76.64,24.12,1.35,0
2.1,2.25,48.84,23.73,27.8,0
48.34,3.59,48.21,25.98,18.99,0
7.99,1.52,53.38,29.36,43.14,0
23.3,2.66,36.9,27.71,17.74,0
63.63,3.82,58.81,30.74,42.3,0
31.57,2.42,54.86,21.3,12.13,0
22.84,1.84,59.78,24.29,13.75,0
11.76,1.09,59.55,27.42,56.57,0
12.15,1.79,47.79,37.49,15.41,0
33.21,2.91,53.78,27.43,0.47,0
154.18,7.62,67.0,33.43,19.3,1
32.53,2.59,45.85,28.19,35.38,0
24.48,2.01,56.15,25.58,23.81,0
39.35,3.38,45.71,26.77,13.15,0
18.78,1.59,49.5,27.16,16.69,0
1.86,1.96,42.32,31.02,69.37,0
24.79,1.99,58.12,34.87,1.43,0
94.84,4.92,78.64,29.8,16.51,1
5.78,1.0,40.45,33.94,5.0,0
35.14,2.65,40.45,23.18,15.33,0
6.73,2.26,50.01,25.93,14.03,0
23.02,2.68,53.58,24.38,2.5,0
3.05,2.11,52.21,29.57,3.47,0
17.96,2.48,49.12,26.21,14.58,0
42.34,2.64,54.75,31.65,2.06,0
12.81,1.85,54.86,23.34,4.62,0
32.8,2.42,63.24,28.22,27.05,0
47.61,4.07,41.5,31.43,5.94,0
78.59,4.05,58.84,17.67,10.04,0
8.02,2.27,52.91,38.61,42.49,0
15.29,2.56,44.95,26.58,3.87,0
4.96,2.61,64.59,17.87,7.41,0
146.72,7.16,66.92,28.79,13.99,1
78.52,5.0,61.45,28.17,21.12,0
23.29,3.57,57.94,27.59,34.79,0
55.36,3.41,53.57,32.96,37.06,0
22.08,1.62,38.54,31.74,22.48,0
29.31,1.73,50.97,29.49,3.89,0
2.8,1.97,58.66,30.25,0.38,0
42.23,2.25,53.64,27.48,7.26,0
4.1,1.48,43.84,36.88,2.29,0
52.47,3.82,65.28,20.6,18.59,0
45.7,3.42,54.21,28.7,16.23,0
37.01,3.19,51.47,28.33,0.67,0
1.1,1.66,51.36,32.07,27.17,0
10.83,2.57,57.79,23.78,4.29,0
9.16,1.39,70.43,19.28,8.49,0
13.4,1.7,58.63,28.78,16.54,0
2.75,1.22,59.69,29.41,8.42,0
82.92,5.23,58.39,35.45,8.73,0
24.21,2.92,45.42,21.65,1.02,0
10.94,2.16,52.14,33.77,7.7,0
15.17,2.7,53.13,39.84,21.71,0
17.78,1.62,44.04,26.11,37.01,0
27.53,3.43,52.73,21.55,8.0,0
21.75,3.13,56.46,25.97,8.26,0
75.54,4.89,64.21,28.07,18.19,0
20.61,3.22,57.13,30.82,42.91,0
145.45,6.49,74.14,25.04,4.66,1
57.2,3.53,54.52,35.78,8.7,0
7.02,1.41,46.94,22.43,23.84,0
80.03,5.06,52.41,19.3,14.11,0
3.71,1.12,64.83,33.53,1.76,0
51.02,3.92,57.76,16.63,14.82,0
14.37,2.76,50.36,26.98,3.1,0
63.11,4.37,52.04,43.59,10.71,0
60.76,4.07,82.6,27.94,11.3,0
49.19,2.97,48.79,22.4,31.34,0
46.82,2.95,53.59,27.71,9.31,0
10.9,2.56,54.96,27.75,4.92,0
2.53,1.99,55.18,28.8,3.94,0
15.47,2.1,59.98,31.31,31.1,0
5.72,1.52,65.32,22.8,2.81,0
35.62,1.91,59.39,36.44,8.32,0
12.74,1.47,43.46,29.23,3.11,0
111.41,6.91,64.66,31.63,22.26,1
30.73,2.09,57.07,24.86,9.65,0
51.86,3.67,74.32,34.43,6.49,0
4.27,2.17,39.46,26.71,6.72,0
59.42,3.25,68.53,29.39,28.68,0
76.82,4.67,62.96,23.33,12.1,0
20.03,2.77,59.71,23.02,18.98,0
27.96,2.62,53.38,31.44,34.1,0
43.42,4.67,49.77,25.78,34.8,0
5.77,0.9,56.87,23.73,5.97,0
20.95,2.87,58.38,24.78,45.69,0
15.26,2.02,60.07,31.49,0.38,0
4.75,2.08,50.61,24.85,7.09,0
13.74,2.27,47.26,27.41,33.92,0
2.12,1.22,37.85,28.08,4.82,0
0.78,1.65,56.67,18.41,4.78,0
4.36,0.75,54.04,20.64,5.41,0
99.0,5.76,57.12,29.68,14.21,0
23.92,2.61,49.28,24.31,8.65,0
101.29,5.87,61.46,33.28,19.46,0
17.0,2.71,40.69,32.83,33.79,0
11.21,2.13,45.14,31.6,16.82,0
21.17,2.42,44.1,37.1,3.43,0
17.37,1.75,49.31,27.58,40.47,0
3.35,1.28,44.59,31.24,4.61,0
30.72,3.32,41.59,25.08,2.44,0
7.3,2.51,67.28,40.26,1.41,0
29.0,2.54,64.37,37.92,12.43,0
31.51,2.78,48.49,28.06,1.81,0
4.95,1.25,52.92,29.93,2.24,0
1.9,2.16,53.62,34.8,5.35,0
45.53,3.65,66.36,27.26,4.96,0
18.47,3.21,46.22,24.72,13.9,0
1.8,1.13,59.01,32.37,25.45,0
158.16,7.64,69.34,28.39,21.49,1
1.79,1.69,39.58,28.91,4.57,0
35.63,3.25,61.14,23.83,4.22,0
123.46,6.33,78.84,19.41,50.63,1
8.2,1.39,71.93,29.18,0.12,0
4.6,2.12,41.09,32.52,31.77,0
3.88,2.02,56.17,26.87,3.34,0
10.84,1.48,48.35,35.18,44.14,0
3.2,2.31,56.75,24.48,6.29,0
35.35,3.5,43.54,22.73,8.71,0
1.93,1.64,40.19,27.66,18.42,0
21.37,2.39,47.0,27.59,13.29,0
171.39,8.63,76.34,31.85,5.74,1
50.46,3.09,52.44,24.13,12.11,0
28.65,2.66,59.57,34.84,19.68,0
10.97,0.86,59.86,37.83,0.65,0
29.34,3.11,59.2,27.8,0.17,0
22.46,1.62,66.32,34.25,9.19,0
16.66,2.92,55.83,22.72,2.12,0
4.2,1.5,40.9,33.38,16.38,0
65.31,4.01,70.7,33.24,3.61,0
17.92,1.9,47.85,32.32,8.51,0
6.49,1.62,58.26,27.92,3.3,0
13.75,2.76,64.65,13.23,11.93,0
16.04,0.9,56.06,24.79,1.85,0
52.73,4.25,45.94,24.87,0.35,0
39.68,3.26,48.61,23.11,0.79,0
44.0,2.66,67.18,28.61,46.27,0
0.33,0.98,48.7,25.91,2.3,0
16.14,2.98,53.06,23.88,18.49,0
19.7,1.82,59.02,22.71,1.06,0
0.58,0.95,55.66,24.42,1.72,0
9.03,2.43,53.58,33.61,10.67,0
42.85,3.38,54.76,24.69,9.38,0
4.42,1.21,48.16,25.43,45.42,0
22.99,2.53,60.31,25.72,43.46,0
7.27,1.28,55.52,29.69,22.69,0
0.37,2.07,48.0,30.28,13.82,0
8.28,2.36,59.9,12.78,9.1,0
111.73,6.24,65.73,33.11,6.61,1
48.51,3.62,50.46,35.18,44.09,0
96.25,6.23,58.37,22.75,13.85,0
20.07,2.3,45.18,23.14,12.98,0
3.49,1.05,48.34,25.75,3.96,0
23.82,2.68,63.44,24.22,0.72,0
18.17,3.27,46.29,29.12,43.56,0
55.81,3.22,59.88,18.27,5.65,0
3.1,1.44,45.21,22.41,8.77,0
20.1,2.51,50.93,35.7,1.83,0
4.88,1.67,38.65,23.36,27.2,0
11.78,1.48,50.0,34.22,0.42,0
40.11,3.67,54.47,29.78,26.94,0
19.39,3.44,57.23,18.95,2.27,0
14.14,2.16,53.91,31.18,32.65,0
15.05,1.65,42.67,27.41,19.63,0
18.45,1.46,61.44,25.72,2.7,0
46.12,3.47,58.6,29.22,12.51,0
66.79,4.72,61.61,30.37,5.62,0
93.26,5.47,63.92,31.54,2.94,0
46.38,3.35,52.81,33.89,29.4,0
11.37,1.66,53.45,30.04,7.75,0
34.96,2.35,59.05,21.12,7.63,0
17.27,2.61,38.61,25.63,2.79,0
8.82,2.31,47.01,42.72,7.24,0
55.14,2.93,56.23,31.62,30.79,0
1.18,2.34,52.23,39.85,6.77,0
69.61,4.57,69.99,34.98,45.42,0
18.57,2.94,46.61,29.21,43.87,0
30.42,2.05,50.58,29.51,2.35,0
32.31,2.11,50.75,27.82,2.93,0
67.65,4.13,53.73,19.31,29.78,0
30.37,2.97,51.78,28.09,7.48,0
28.55,3.54,60.45,34.05,0.07,0
2.07,1.94,41.88,25.0,4.8,0
21.92,2.26,56.71,30.06,13.66,0
4.88,1.18,37.12,32.26,24.09,0
40.12,3.72,51.53,23.45,2.15,0
21.54,1.88,50.59,25.74,1.76,0
34.2,3.68,68.53,22.91,38.28,0
1.28,1.41,47.99,23.89,20.86,0
2.66,2.4,32.79,21.56,13.37,0
37.8,3.35,39.68,23.5,21.99,0
2.24,1.52,50.61,35.1,8.4,0
2.22,1.33,55.24,23.42,21.31,0
0.37,1.34,53.06,28.63,6.97,0
94.05,5.48,65.45,25.49,4.2,0
40.13,3.14,65.32,33.89,19.59,0
13.07,1.73,47.64,34.56,8.16,0
10.55,1.84,58.74,32.32,59.75,0
12.91,2.06,38.88,29.53,6.45,0
44.7,2.22,49.47,26.84,38.21,0
32.49,3.03,40.42,22.04,40.54,0
6.14,1.26,48.72,37.72,4.15,0
5.74,1.15,50.49,24.2,24.01,0
3.11,0.78,51.38,31.32,8.51,0
32.39,1.9,55.35,33.3,37.43,0
43.37,2.56,49.08,25.22,8.97,0
9.24,1.52,49.86,33.19,20.46,0
0.64,2.5,38.12,31.82,9.44,0
2.57,1.34,61.29,36.64,3.88,0
103.13,5.71,63.04,25.65,3.33,1
10.51,2.12,47.66,21.57,8.31,0
43.99,3.33,69.31,25.47,21.13,0
29.4,2.64,44.47,29.04,13.94,0
14.44,1.48,43.16,28.29,17.5,0
6.91,2.5,42.27,26.03,4.98,0
3.88,2.56,50.04,18.45,9.85,0
28.64,1.8,57.75,30.35,0.68,0
44.7,2.78,62.62,37.86,25.52,0
30.98,2.6,75.22,30.32,68.92,0
22.67,1.92,35.41,31.05,7.84,0
1.29,1.8,55.06,30.86,0.17,0
103.72,5.28,61.1,29.99,2.79,0
48.09,4.51,52.52,32.66,15.86,0
10.39,2.51,46.6,29.98,14.2,0
117.32,6.3,60.33,26.44,23.26,1
27.63,3.12,67.62,24.02,4.39,0
26.2,3.1,60.67,26.76,21.64,0
41.36,2.87,56.39,29.57,17.47,0
50.1,3.1,68.32,26.42,5.85,0
32.06,2.82,42.71,29.57,11.83,0
4.11,2.1,39.97,30.2,2.39,0
12.39,2.07,34.43,32.17,9.04,0
78.97,3.87,56.25,34.41,31.95,0
7.63,1.4,52.44,28.39,8.2,0
13.96,2.02,52.92,21.46,27.45,0
16.97,2.14,53.74,26.27,13.38,0
17.36,3.18,41.32,28.22,3.2,0
28.48,1.95,60.7,18.82,13.05,0
85.98,5.19,64.81,34.94,10.58,0
8.26,2.57,57.1,28.71,7.63,0
3.89,2.79,35.44,29.91,1.91,0
6.6,1.56,53.48,34.83,8.09,0
65.39,4.36,50.31,24.85,1.13,0
31.14,3.03,51.49,30.87,1.56,0
10.1,2.0,55.79,27.45,8.07,0
50.78,3.48,58.35,27.08,5.47,0
59.28,4.09,52.08,24.14,38.96,0
56.22,2.48,58.48,36.33,7.07,0
75.37,4.86,49.05,26.12,21.27,0
8.72,1.91,60.51,31.5,11.33,0
42.2,3.08,54.69,18.62,18.27,0
18.52,3.26,61.73,33.9,4.52,0
55.35,3.38,54.09,33.26,42.69,0
39.11,2.86,51.68,28.49,11.33,0
44.94,4.29,50.63,26.87,26.7,0
32.03,2.37,61.81,30.0,6.81,0
5.86,1.46,45.2,39.44,1.58,0
23.63,2.37,58.7,19.18,16.8,0
125.34,6.93,65.74,31.91,0.12,1
83.12,4.93,46.66,23.44,9.67,0
1.32,0.91,45.64,27.9,3.21,0
5.4,1.45,41.38,26.76,14.81,0
4.24,1.37,50.91,25.86,58.25,0
38.84,3.01,46.3,27.95,9.37,0
51.08,3.76,65.07,22.33,25.51,0
7.21,2.0,50.35,33.15,10.63,0
21.15,1.46,51.75,19.03,10.27,0
55.11,4.24,63.51,30.7,39.98,0
39.59,3.21,63.65,26.37,33.1,0
23.44,3.13,53.36,22.15,23.11,0
26.77,2.79,47.85,29.01,5.27,0
21.3,2.9,39.0,20.22,11.81,0
10.6,2.16,46.1,28.2,3.8,0
24.97,3.17,48.81,20.89,8.8,0
35.03,3.16,56.11,30.31,9.93,0
61.98,3.93,56.54,23.38,26.72,0
30.34,3.85,60.05,25.75,33.95,0
42.95,3.66,51.54,29.47,8.03,0
5.23,2.0,50.33,24.14,0.27,0
18.57,1.6,62.26,27.71,29.68,0
0.28,0.87,52.78,20.43,2.87,0
8.5,1.99,50.79,31.15,14.59,0
38.89,3.13,51.02,36.82,0.38,0
144.15,6.96,66.56,41.96,7.65,1
3.13,1.7,43.67,28.46,63.99,0
15.4,2.91,47.98,31.94,1.59,0
48.29,3.78,63.29,19.1,8.27,0
6.85,1.2,49.25,35.51,5.5,0
24.3,2.42,42.85,31.88,35.32,0
39.62,2.68,70.09,25.58,30.53,0
28.71,2.45,56.87,34.19,4.07,0
6.25,1.54,39.68,26.73,1.27,0
13.17,1.79,48.44,25.71,14.8,0
45.95,2.71,57.78,30.38,6.15,0
24.24,2.41,67.27,22.68,16.72,0
0.16,1.23,41.16,33.11,0.49,0
42.94,1.75,64.25,22.72,2.15,0
1.08,2.57,61.36,22.75,17.39,0
41.08,3.69,51.13,23.45,3.58,0
6.79,1.58,48.8,31.8,29.24,0
95.16,5.32,55.98,24.92,0.91,0
13.76,1.46,50.44,21.26,3.64,0
11.88,2.82,51.49,24.97,98.15,0
4.84,2.64,56.0,27.84,8.51,0
10.94,2.02,60.36,22.1,18.21,0
62.78,4.52,53.43,22.24,3.03,1
168.26,8.32,59.5,38.56,14.12,1
13.78,1.38,51.9,23.7,19.43,0
17.86,2.01,55.03,26.38,5.66,0
38.41,3.1,57.76,26.16,26.48,0
65.2,3.88,57.17,25.89,13.87,0
26.97,2.47,55.04,31.11,7.39,0
14.9,2.05,64.36,32.74,12.23,0
15.96,2.1,55.45,26.47,12.9,0
35.68,2.95,52.37,21.82,2.71,0
0.1,0.97,46.01,34.37,7.73,0
29.0,2.3,52.99,27.52,6.31,0
13.18,1.38,65.07,36.65,7.68,0
47.43,3.89,55.65,16.77,21.48,0
2.93,0.56,50.28,28.98,9.88,0
26.62,3.14,50.13,37.59,42.28,0
19.67,2.98,61.74,26.23,5.22,0
30.84,2.58,70.31,26.87,8.06,0
2.01,0.5,53.91,29.48,23.19,0
26.02,2.36,54.57,25.21,11.85,0
24.73,2.46,54.0,26.44,11.88,0
24.67,1.98,34.63,26.31,0.82,0
27.75,2.35,60.12,24.86,7.63,0
33.85,3.62,56.15,34.14,4.74,0
49.04,3.79,60.78,30.31,100.0,0
9.43,1.42,45.72,29.25,5.53,0
52.3,2.79,54.77,32.04,32.38,0
20.69,2.16,49.82,26.68,16.92,0
2.41,1.49,58.53,24.13,6.25,0
1.81,1.82,47.24,24.99,11.76,0
12.2,1.72,68.49,28.01,27.54,0
46.1,3.6,60.36,22.7,32.23,0
36.9,3.94,45.33,25.5,2.62,0
46.62,3.77,55.96,25.42,6.22,0
21.85,2.35,48.06,38.62,6.12,0
17.41,2.1,35.06,14.13,0.64,0
4.79,1.51,63.51,27.1,13.68,0
11.93,2.57,57.42,36.63,28.95,0
17.08,1.87,56.83,28.61,7.21,0
2.78,1.63,51.74,31.77,20.21,0
7.48,1.82,40.07,28.5,14.82,0
27.36,2.34,50.23,24.66,7.07,0
39.92,2.41,62.72,16.79,2.28,0
192.16,9.35,70.41,29.03,18.53,1
81.14,4.72,41.92,24.12,28.92,0
30.86,2.98,52.81,24.0,17.37,0
16.41,1.89,51.33,25.51,0.27,0
30.33,3.32,55.63,36.72,3.65,0
46.2,2.91,62.76,40.02,1.08,0
3.78,2.51,55.67,29.09,12.67,0
15.82,1.26,54.44,25.68,21.19,0
54.94,3.92,67.81,22.11,1.76,0
14.53,2.32,40.03,30.34,27.33,0
25.45,2.12,57.85,36.91,12.16,0
26.59,2.78,59.0,26.76,17.57,0
6.12,2.38,41.0,16.11,53.32,0
13.49,0.93,40.0,31.35,1.31,0
12.22,2.24,45.87,32.93,34.72,0
0.8,0.5,44.83,20.07,2.02,0
0.73,1.05,56.14,28.88,7.49,0
53.46,4.45,53.1,30.26,28.6,0
9.57,1.59,44.58,27.63,35.51,0
21.9,1.79,48.39,24.05,10.59,0
10.65,1.83,60.55,33.08,13.52,0
84.74,5.92,62.82,25.98,18.47,0
9.0,0.94,49.92,20.57,26.82,0
16.85,1.65,51.65,17.75,1.94,0
61.84,4.72,69.61,34.3,24.92,0
55.34,4.64,52.31,31.08,9.85,0
6.18,1.7,61.45,28.44,8.98,0
48.68,2.83,58.99,25.8,8.27,0
18.39,3.28,51.47,25.36,10.68,0
19.79,3.09,72.98,22.62,43.52,0
4.3,2.01,42.2,25.84,11.92,0
2.52,1.19,47.55,17.4,45.92,0
39.05,3.04,46.0,24.32,2.98,0
20.58,2.24,60.71,26.45,19.32,0
17.23,2.35,66.1,31.05,25.09,0
39.23,3.79,69.24,27.8,17.05,0
43.51,3.68,66.32,31.97,14.01,0
5.19,1.17,49.2,34.75,12.48,0
28.27,3.32,51.32,33.29,29.59,0
4.36,1.83,37.29,30.35,25.86,0
41.75,3.51,72.55,28.06,1.96,0
32.1,3.52,58.57,23.1,28.32,0
94.13,4.71,60.18,31.7,8.02,0
2.14,1.57,60.95,36.4,4.39,0
1.76,1.3,42.48,29.71,30.58,0
9.95,1.11,54.74,37.59,8.49,0
